Date,Open,High,Low,Close,Adj Close,Volume
8/19/2015,42.02,42.080002,41.400002,41.860001,41.081566,2086600
8/20/2015,41.43,41.73,40.57,40.740002,39.982395,2274000
8/21/2015,40.450001,41.02,40.080002,40.130001,39.383736,2449400
8/24/2015,38.27,39.740002,36.43,38.73,38.009769,9103400
8/25/2015,39.709999,39.709999,38,38.130001,37.420929,4532800
8/26/2015,39,39.299999,37.740002,38.959999,38.235493,3306800
8/27/2015,39.389999,39.950001,38.939999,39.939999,39.197266,3758000
8/28/2015,39.779999,40.27,39.669998,40,39.256153,1780400
8/31/2015,39.919998,40.240002,39.459999,39.610001,38.873405,2214100
9/1/2015,38.82,39.580002,38.68,38.959999,38.235493,2349500
9/2/2015,39.330002,39.610001,38.650002,39.32,38.588799,2213700
9/3/2015,39.41,39.84,39.16,39.450001,38.716381,1825800
9/4/2015,39.110001,39.509998,38.860001,39.220001,38.490658,1215200
9/8/2015,39.880001,40.459999,39.740002,40.279999,39.530945,4158700
9/9/2015,40.779999,40.790001,39.400002,39.439999,38.706566,2442500
9/10/2015,39.48,39.98,39.34,39.650002,38.912663,3158200
9/11/2015,39.360001,39.82,39.23,39.82,39.079498,2726700
9/14/2015,39.869999,39.990002,39.549999,39.950001,39.207085,1636200
9/15/2015,40.099998,41.57,39.889999,41.310001,40.541794,4564200
9/16/2015,41.299999,41.740002,40.639999,41.529999,40.757698,2736000
9/17/2015,41.349998,42.73,41.349998,42.470001,41.680222,4181700
9/18/2015,42,42.759998,41.529999,41.84,41.061935,5411000
9/21/2015,42,43.43,41.77,42.810001,42.013901,4175300
9/22/2015,42.52,42.73,41.790001,42.34,41.552639,2371000
9/23/2015,42.48,43.279999,42.349998,43.029999,42.229805,3106300
9/24/2015,42.759998,42.759998,41.900002,42.52,41.72929,4490500
9/25/2015,43,43.310001,42.389999,42.73,41.935387,5269400
9/28/2015,42.43,42.689999,40.360001,40.540001,39.786114,2876300
9/29/2015,40.599998,40.93,39,39.560001,38.824337,4196500
9/30/2015,40.07,40.279999,39.099998,39.810001,39.069687,4168800
10/1/2015,39.950001,40.639999,39.5,40.130001,39.383736,2469700
10/2/2015,39.779999,40.720001,38.200001,40.700001,39.943138,4610000
10/5/2015,40.869999,41.490002,40.650002,40.959999,40.198299,2123900
10/6/2015,41,41.380001,40.400002,40.650002,39.894066,2699300
10/7/2015,40.810001,40.990002,39.639999,40.369999,39.61927,3160200
10/8/2015,40.360001,40.360001,39.349998,39.560001,38.824337,3530500
10/9/2015,39.450001,39.959999,39.450001,39.610001,38.873405,2063500
10/12/2015,39.66,40.57,39.52,40.529999,39.776295,1114100
10/13/2015,40.610001,40.610001,40.049999,40.18,39.432808,2387100
10/14/2015,40.09,40.189999,39.139999,39.509998,38.775265,2867000
10/15/2015,39.669998,40.029999,39.220001,39.939999,39.197266,2725700
10/16/2015,40.380001,40.970001,40.200001,40.540001,39.786114,2274500
10/19/2015,40.509998,41.5,40.419998,41.209999,40.443649,2655200
10/20/2015,41.23,42.060001,40.040001,40.700001,39.943138,3493200
10/21/2015,40.889999,41.240002,39.84,40.220001,39.472065,4072500
10/22/2015,40.220001,40.830002,39.900002,40.439999,39.687969,2264200
10/23/2015,40.91,41.5,40.369999,41.27,40.502537,3226300
10/26/2015,41.25,41.700001,40.93,41.380001,40.610493,6084300
10/27/2015,41.110001,41.73,38.060001,39.02,38.294376,11910800
10/28/2015,39.779999,40.049999,38.740002,39.310001,38.578987,7325300
10/29/2015,39,39.59,36.540001,37.48,36.783016,8445600
10/30/2015,37.380001,37.990002,36.939999,37.889999,37.18539,6103400
11/2/2015,37.66,38.560001,37.529999,38.290001,37.577953,5546500
11/3/2015,38.290001,38.720001,38,38.66,37.941071,4012300
11/4/2015,38.779999,39.16,38,38.860001,38.137352,4426400
11/5/2015,38.959999,41.189999,38.290001,39.439999,38.706566,6708900
11/6/2015,39.02,39.34,38.580002,39.110001,38.382706,3332900
11/9/2015,39.619999,39.619999,38.080002,38.560001,37.842934,4809400
11/10/2015,38.16,38.240002,36.75,37.029999,36.341381,7539700
11/11/2015,37.389999,37.779999,37.290001,37.400002,36.704506,4900800
11/12/2015,37.360001,38.200001,36.959999,37.970001,37.263905,4425100
11/13/2015,37.599998,39.060001,37.599998,38.720001,37.999958,5966300
11/16/2015,38.23,38.25,37.369999,37.869999,37.16576,3986700
11/17/2015,37.939999,38.450001,37.799999,38.150002,37.440559,2800500
11/18/2015,37.610001,37.779999,36.459999,37.32,36.625992,5950200
11/19/2015,37.470001,37.919998,37.25,37.73,37.028366,3223700
11/20/2015,37.990002,38.599998,37.700001,38.439999,37.725163,3396800
11/23/2015,38.470001,38.5,37.919998,38.029999,37.322788,6175400
11/24/2015,38.009998,38.689999,37.77,38.389999,37.676094,10153400
11/25/2015,38.099998,38.43,36.91,36.970001,36.282501,5883600
11/27/2015,37.099998,37.110001,36.52,36.889999,36.889999,1473900
11/30/2015,36.709999,36.799999,35.48,35.5,35.5,7733100
12/1/2015,35.860001,36.41,35.029999,36.18,36.18,5516400
12/2/2015,36.290001,36.400002,35.700001,35.720001,35.720001,2816900
12/3/2015,35.529999,35.869999,34.240002,34.560001,34.560001,5214100
12/4/2015,34.5,35.529999,34.470001,35.450001,35.450001,4572200
12/7/2015,35.220001,37.5,35.220001,36.59,36.59,5173400
12/8/2015,36.66,37.220001,36.310001,36.889999,36.889999,5038100
12/9/2015,36.43,36.889999,35.73,36.07,36.07,7115900
12/10/2015,36.25,36.700001,36.049999,36.34,36.34,2494300
12/11/2015,35.959999,36.470001,35.790001,36,36,5009800
12/14/2015,36,36.68,35.849998,36.52,36.52,4802800
12/15/2015,36.580002,38.349998,36.560001,38.16,38.16,5585600
12/16/2015,38.32,39.25,38.119999,39.130001,39.130001,4712700
12/17/2015,39.18,39.759998,39,39.200001,39.200001,4869400
12/18/2015,39,39.279999,37.630001,37.889999,37.889999,26892600
12/21/2015,38.040001,38.98,37.799999,38.98,38.98,3865300
12/22/2015,38.990002,39.41,38.360001,39.259998,39.259998,2642800
12/23/2015,39.490002,40.349998,39.310001,40.130001,40.130001,2693500
12/24/2015,40.200001,40.25,39.650002,39.669998,39.669998,882300
12/28/2015,39.560001,39.830002,39.349998,39.779999,39.779999,1310900
12/29/2015,39.900002,40.220001,39.599998,40.119999,40.119999,1664000
12/30/2015,40.049999,40.049999,39.529999,39.740002,39.740002,2650000
12/31/2015,39.529999,39.700001,38.73,39.119999,39.119999,3640700
1/4/2016,38.860001,39.02,38.459999,38.950001,38.950001,4614200
1/5/2016,38.900002,40.5,38.759998,40.220001,40.220001,5553600
1/6/2016,39.560001,40.380001,39.330002,40.049999,40.049999,7243800
1/7/2016,39.380001,40.68,39.27,40.509998,40.509998,8091300
1/8/2016,40.860001,41.23,39.779999,39.880001,39.880001,3512900
1/11/2016,39.959999,39.98,39.169998,39.68,39.68,3893100
1/12/2016,39.830002,40.119999,39.380001,40.060001,40.060001,3859000
1/13/2016,40.16,40.450001,38.830002,38.849998,38.849998,3621500
1/14/2016,38.740002,39.720001,37.990002,39.389999,39.389999,3440800
1/15/2016,37.990002,38.900002,36.790001,37.790001,37.790001,5138400
1/19/2016,38.130001,38.23,37.439999,37.650002,37.650002,3051200
1/20/2016,37.150002,37.66,35.490002,37.360001,37.360001,4814200
1/21/2016,37.400002,37.959999,36.77,37.099998,37.099998,3829900
1/22/2016,37.860001,38.060001,37.490002,37.849998,37.849998,3955800
1/25/2016,37.970001,38.970001,37.5,37.889999,37.889999,3027400
1/26/2016,38.169998,39.68,37.970001,39.43,39.43,2718200
1/27/2016,39.419998,39.490002,38.349998,38.5,38.5,2304100
1/28/2016,38.639999,38.900002,38.16,38.669998,38.669998,1418600
1/29/2016,39.439999,40.169998,38.849998,40.150002,40.150002,3566700
2/1/2016,40.040001,40.650002,39.459999,40.59,40.59,3646000
2/2/2016,40.029999,40.25,38.990002,39.27,39.27,2974700
2/3/2016,39.549999,39.990002,37.23,38.34,38.34,5139700
2/4/2016,38.82,38.990002,37.75,38.700001,38.700001,3778800
2/5/2016,39.049999,39.09,35.389999,35.66,35.66,7554600
2/8/2016,35.419998,35.529999,33.529999,33.959999,33.959999,6731700
2/9/2016,33.75,34.389999,33.23,33.889999,33.889999,8214000
2/10/2016,34.310001,35.200001,33.720001,34.57,34.57,3776200
2/11/2016,33.779999,34.419998,33.599998,34.029999,34.029999,3960500
2/12/2016,34.59,35.27,34.009998,35.110001,35.110001,3200600
2/16/2016,35.779999,36.529999,35.049999,36.450001,36.450001,4422500
2/17/2016,38.310001,38.310001,35.860001,36.849998,36.849998,9705900
2/18/2016,37.110001,37.450001,36.450001,36.630001,36.630001,4004800
2/19/2016,36.330002,36.639999,34.869999,34.950001,34.950001,5286900
2/22/2016,35.560001,35.98,35.279999,35.830002,35.830002,4944500
2/23/2016,35.799999,36.400002,35.52,36.200001,36.200001,2826600
2/24/2016,36.16,37,35.82,36.779999,36.779999,7954500
2/25/2016,37,38.439999,36.900002,38.360001,38.360001,4313400
2/26/2016,37.360001,37.779999,36.57,37.470001,37.470001,4714900
2/29/2016,37.48,38.02,37.09,37.099998,37.099998,4383300
3/1/2016,37.029999,38.689999,37,38.650002,38.650002,4224300
3/2/2016,38.540001,38.82,37.689999,38.77,38.77,2544100
3/3/2016,39.5,39.790001,38.77,38.970001,38.970001,6974800
3/4/2016,39.119999,39.509998,38.380001,38.48,38.48,3446800
3/7/2016,38.240002,39.200001,38.240002,38.639999,38.639999,4463400
3/8/2016,38.619999,39.099998,38.330002,38.950001,38.950001,4869300
3/9/2016,39,39.029999,38.16,38.200001,38.200001,6058700
3/10/2016,38.48,38.75,37.470001,37.57,37.57,5178900
3/11/2016,37.84,38.150002,37.470001,37.75,37.75,6587100
3/14/2016,37.5,37.57,36.700001,37.09,37.09,4344100
3/15/2016,36.759998,36.93,36.259998,36.77,36.77,3536900
3/16/2016,36.799999,37.240002,36.490002,37.18,37.18,4939900
3/17/2016,37.18,37.52,36.970001,37.16,37.16,4757000
3/18/2016,37.34,37.619999,36.75,36.93,36.93,5394400
3/21/2016,37.43,37.490002,36.91,37.349998,37.349998,2737900
3/22/2016,36.900002,37.41,36.849998,37.279999,37.279999,3132200
3/23/2016,37.169998,37.259998,36.27,37.07,37.07,3287700
3/24/2016,36.849998,37.099998,36.439999,37,37,6775100
3/28/2016,36.98,37.200001,36.75,37.040001,37.040001,2608100
3/29/2016,37.139999,38.610001,36.830002,38.43,38.43,4809600
3/30/2016,38.540001,38.990002,38.18,38.439999,38.439999,2693600
3/31/2016,38.52,38.650002,38.009998,38.299999,38.299999,3830500
4/1/2016,38.060001,39.5,37.93,39.360001,39.360001,6229200
4/4/2016,39.240002,39.959999,39.060001,39.66,39.66,4075400
4/5/2016,39.34,39.740002,38.82,39.139999,39.139999,3926200
4/6/2016,39.310001,39.490002,38.950001,39.099998,39.099998,2772500
4/7/2016,38.75,39.040001,38.419998,38.82,38.82,4579500
4/8/2016,38.98,39.110001,38.450001,38.700001,38.700001,1873200
4/11/2016,38.77,39,38.52,38.639999,38.639999,1818800
4/12/2016,38.599998,39.189999,38.450001,38.889999,38.889999,3305700
4/13/2016,39.119999,39.349998,38.669998,38.849998,38.849998,2653300
4/14/2016,38.810001,38.990002,38.439999,38.810001,38.810001,2068300
4/15/2016,38.990002,39.509998,38.880001,39.290001,39.290001,6091500
4/18/2016,39.119999,39.610001,38.990002,39.25,39.25,8171400
4/19/2016,39.360001,39.860001,39.02,39.849998,39.849998,8717700
4/20/2016,39.959999,40.82,39.669998,40.150002,40.150002,6149700
4/21/2016,40.099998,40.59,38.310001,40.25,40.25,4133800
4/22/2016,40.220001,40.849998,40.110001,40.220001,40.220001,3652000
4/25/2016,40.299999,41.259998,40.009998,41.18,41.18,6979700
4/26/2016,41.84,42.200001,39.169998,39.330002,39.330002,14907600
4/27/2016,39.450001,40.119999,39.41,39.700001,39.700001,7511800
4/28/2016,39.619999,40.099998,39.400002,39.759998,39.759998,4344400
4/29/2016,39.400002,39.73,38.470001,39.279999,39.279999,5388900
5/2/2016,39.360001,40.099998,39.290001,39.990002,39.990002,3703600
5/3/2016,39.830002,39.880001,39.43,39.66,39.66,3310500
5/4/2016,39.509998,39.91,39.080002,39.099998,39.099998,3750400
5/5/2016,39.099998,39.669998,38.869999,39.25,39.25,3887800
5/6/2016,39,39.619999,38.669998,39.490002,39.490002,2566000
5/9/2016,39.580002,40,39.43,39.900002,39.900002,2118800
5/10/2016,39.970001,40.900002,39.889999,40.810001,40.810001,6717300
5/11/2016,40.66,41.110001,40.540001,40.82,40.82,3997000
5/12/2016,40.830002,41.060001,40.490002,40.720001,40.720001,4033900
5/13/2016,40.560001,41.040001,40.560001,40.639999,40.639999,3434000
5/16/2016,40.549999,40.900002,40.299999,40.619999,40.619999,3023400
5/17/2016,40.419998,41.459999,40.41,40.720001,40.720001,7527100
5/18/2016,40.720001,41.130001,40.279999,40.68,40.68,5051800
5/19/2016,40.419998,40.889999,40.09,40.810001,40.810001,3001300
5/20/2016,40.98,42.110001,40.889999,41.700001,41.700001,6966900
5/23/2016,41.560001,41.880001,41.349998,41.639999,41.639999,4274300
5/24/2016,41.689999,41.93,41.18,41.869999,41.869999,4371500
5/25/2016,41.93,42.18,41.599998,42.119999,42.119999,2311700
5/26/2016,41.91,42.73,41.740002,42.630001,42.630001,3565600
5/27/2016,42.509998,42.720001,42.169998,42.540001,42.540001,2337600
5/31/2016,42.450001,42.970001,42.380001,42.759998,42.759998,3858800
6/1/2016,42.5,42.880001,42.419998,42.619999,42.619999,4443700
6/2/2016,42.75,43.23,42.43,43.189999,43.189999,4664500
6/3/2016,43.18,43.830002,42.93,43.630001,43.630001,3492000
6/6/2016,43.560001,43.82,42.98,43.07,43.07,5356800
6/7/2016,43.25,43.98,43.169998,43.740002,43.740002,2628500
6/8/2016,43.799999,44.130001,43.470001,43.91,43.91,2524900
6/9/2016,43.619999,43.91,42.84,43.080002,43.080002,3509700
6/10/2016,42.470001,42.689999,41.849998,41.93,41.93,4821500
6/13/2016,41.700001,42.57,41.57,42.07,42.07,4009700
6/14/2016,42,42.830002,41.860001,42.349998,42.349998,2958600
6/15/2016,42.200001,42.32,41.18,41.66,41.66,4306600
6/16/2016,41.450001,41.779999,41.07,41.759998,41.759998,3057400
6/17/2016,41.869999,41.919998,41.220001,41.77,41.77,4239000
6/20/2016,42.060001,42.580002,42,42.279999,42.279999,2461400
6/21/2016,42.220001,43.049999,41.900002,42.919998,42.919998,2290500
6/22/2016,42.810001,43.200001,42.650002,42.700001,42.700001,1909000
6/23/2016,43.18,43.68,42.970001,43.669998,43.669998,1871700
6/24/2016,41.290001,42.779999,40.869999,41.099998,41.099998,8258300
6/27/2016,40.849998,41.360001,40.5,41.200001,41.200001,4128900
6/28/2016,41.509998,42.689999,41.27,42.509998,42.509998,3883600
6/29/2016,42.700001,43.5,42.580002,43.450001,43.450001,4106000
6/30/2016,43.369999,43.459999,43.049999,43.27,43.27,3439900
7/1/2016,43.16,43.630001,42.959999,42.990002,42.990002,2326100
7/5/2016,43,43.529999,42.779999,43.209999,43.209999,2467100
7/6/2016,43.09,43.310001,42.709999,43.150002,43.150002,3809600
7/7/2016,43.209999,43.490002,42.830002,42.959999,42.959999,1517100
7/8/2016,43.200001,43.720001,42.84,43.580002,43.580002,2392400
7/11/2016,43.77,44.110001,43.619999,44.040001,44.040001,2739000
7/12/2016,44.099998,44.27,43.57,43.639999,43.639999,2275000
7/13/2016,43.91,44.290001,43.259998,44.209999,44.209999,2429100
7/14/2016,44.5,44.599998,43.970001,44.029999,44.029999,2832400
7/15/2016,44.34,44.93,44.029999,44.41,44.41,3031700
7/18/2016,44.639999,44.700001,44,44.369999,44.369999,1916100
7/19/2016,44.310001,44.560001,44.130001,44.380001,44.380001,1321100
7/20/2016,44.290001,44.560001,43.84,44.540001,44.540001,1647700
7/21/2016,44.630001,44.880001,43.959999,44.669998,44.669998,2910800
7/22/2016,44.93,45.560001,44.830002,45.439999,45.439999,2312000
7/25/2016,45.5,45.639999,44.880001,45.040001,45.040001,3872700
7/26/2016,45,45.099998,44.43,44.98,44.98,3181000
7/27/2016,45.849998,45.939999,44.290001,45.639999,45.639999,7307500
7/28/2016,45.610001,46.25,45.41,46.220001,46.220001,3422000
7/29/2016,46.23,46.959999,46.119999,46.34,46.34,3237000
8/1/2016,46.540001,47.400002,46.5,47.07,47.07,3375700
8/2/2016,46.91,47.150002,46.209999,46.810001,46.810001,2175800
8/3/2016,46.799999,47.23,46.48,47.209999,47.209999,3376400
8/4/2016,47.23,47.360001,46.849998,47.330002,47.330002,1852500
8/5/2016,47.400002,47.869999,47.119999,47.779999,47.779999,2398900
8/8/2016,47.73,48.110001,47.459999,47.610001,47.610001,3055000
8/9/2016,47.84,48.009998,47.459999,47.639999,47.639999,1782800
8/10/2016,47.75,47.779999,47.080002,47.200001,47.200001,2064200
8/11/2016,47.110001,47.43,46.700001,46.830002,46.830002,2543600
8/12/2016,46.610001,47.59,46.610001,46.950001,46.950001,1704000
8/15/2016,47.130001,47.41,46.720001,46.77,46.77,1778900
8/16/2016,46.740002,46.950001,46.240002,46.240002,46.240002,1726100
8/17/2016,46.34,47.060001,45.669998,46.380001,46.380001,3560000
8/18/2016,46.349998,47.029999,46.130001,46.98,46.98,2964200
8/19/2016,46.799999,46.849998,46.060001,46.27,46.27,1729000
8/22/2016,46.27,46.740002,46.099998,46.709999,46.709999,1408900
8/23/2016,46.959999,47.310001,46.720001,46.830002,46.830002,1563800
8/24/2016,46.66,47.049999,46.09,46.209999,46.209999,1615800
8/25/2016,46.310001,46.599998,46.119999,46.279999,46.279999,1151100
8/26/2016,46.419998,46.490002,45.450001,45.959999,45.959999,2052000
8/29/2016,46.639999,47.18,46.5,46.73,46.73,2613200
8/30/2016,46.810001,46.990002,45.98,46.099998,46.099998,2569200
8/31/2016,46,46.459999,45.82,46.34,46.34,2432800
9/1/2016,46.41,46.939999,46.209999,46.25,46.25,2643500
9/2/2016,46.75,47.299999,46.709999,47.290001,47.290001,2542400
9/6/2016,47.150002,47.380001,46.799999,47.209999,47.209999,2507800
9/7/2016,46.98,47.07,46.439999,46.73,46.73,2894600
9/8/2016,46.639999,46.950001,46.419998,46.709999,46.709999,2426500
9/9/2016,46.09,46.439999,44.619999,44.639999,44.639999,3543700
9/12/2016,44.5,46.130001,44.349998,45.93,45.93,3798700
9/13/2016,45.700001,45.950001,44.740002,45.34,45.34,3797000
9/14/2016,45.349998,46.290001,45.32,45.869999,45.869999,3981400
9/15/2016,46,47.459999,45.889999,47.18,47.18,2894600
9/16/2016,47.060001,47.669998,46.32,46.549999,46.549999,5424600
9/19/2016,46.610001,46.73,45.73,45.93,45.93,1935900
9/20/2016,46.25,46.25,44.490002,44.5,44.5,5297700
9/21/2016,45.009998,46.040001,44.599998,45.880001,45.880001,3909800
9/22/2016,46.139999,47.110001,45.720001,47.029999,47.029999,3308800
9/23/2016,46.98,47.439999,46.849998,47.290001,47.290001,2678900
9/26/2016,46.77,47.119999,46.650002,46.919998,46.919998,2069700
9/27/2016,46.889999,47.27,46.68,46.900002,46.900002,3388500
9/28/2016,46.779999,46.959999,46.41,46.810001,46.810001,1720800
9/29/2016,46.709999,46.84,46.220001,46.459999,46.459999,2458500
9/30/2016,46.459999,47.220001,46.189999,46.720001,46.720001,3805900
10/3/2016,46.540001,47.110001,46.290001,46.880001,46.880001,2103500
10/4/2016,46.77,47.25,46.630001,46.75,46.75,3490900
10/5/2016,46.939999,46.939999,46.02,46.07,46.07,2371700
10/6/2016,45.900002,46.099998,45.259998,45.5,45.5,3072600
10/7/2016,45.740002,45.740002,44.91,45.27,45.27,2932600
10/10/2016,45.299999,46.23,45.200001,46.150002,46.150002,2227000
10/11/2016,46.18,46.18,45.220001,45.610001,45.610001,1986100
10/12/2016,45.610001,46.150002,45.52,46.029999,46.029999,1394900
10/13/2016,45.59,46.029999,45.07,46.009998,46.009998,3005400
10/14/2016,46.049999,47,45.900002,46.23,46.23,2231000
10/17/2016,46.09,46.540001,46.040001,46.52,46.52,1700100
10/18/2016,46.91,47.52,46.849998,47.349998,47.349998,2836000
10/19/2016,47.09,47.389999,46.77,47.32,47.32,2955700
10/20/2016,47.029999,47.150002,46.490002,47.049999,47.049999,2373000
10/21/2016,46.860001,47.279999,46.580002,46.75,46.75,5837900
10/24/2016,48.32,51.349998,48.32,51.189999,51.189999,21198300
10/25/2016,51.169998,51.650002,49.43,49.599998,49.599998,11909500
10/26/2016,49.68,50.400002,49.349998,49.5,49.5,11194000
10/27/2016,49.549999,49.75,48.950001,49.5,49.5,4161600
10/28/2016,49.240002,49.970001,49.080002,49.349998,49.349998,3227800
10/31/2016,49.630001,50.009998,49.32,49.73,49.73,3529000
11/1/2016,49.68,49.82,48.830002,49.290001,49.290001,2804400
11/2/2016,49.25,49.77,48.759998,49.18,49.18,3279600
11/3/2016,49.27,49.91,49.209999,49.52,49.52,4088300
11/4/2016,48.790001,50.59,48.790001,49.349998,49.349998,3261000
11/7/2016,50.389999,50.880001,50,50.349998,50.349998,3851400
11/8/2016,50.459999,50.75,50.150002,50.459999,50.459999,1867900
11/9/2016,49.189999,53.09,49.049999,53.009998,53.009998,7569500
11/10/2016,53,53.150002,51,52.18,52.18,10527700
11/11/2016,52.02,52.91,51.540001,52.540001,52.540001,3596300
11/14/2016,51.869999,53.91,51.869999,52.919998,52.919998,6746800
11/15/2016,52.939999,53.619999,52.41,53.459999,53.459999,4366200
11/16/2016,52.639999,52.939999,52.130001,52.73,52.73,4223300
11/17/2016,52.619999,53.509998,52.490002,53.389999,53.389999,2805800
11/18/2016,53.130001,53.75,53.09,53.59,53.59,1768400
11/21/2016,53.5,53.970001,53.099998,53.720001,53.720001,3442200
11/22/2016,53.650002,54.66,53.650002,54.240002,54.240002,3741100
11/23/2016,54.189999,54.689999,53.299999,54.34,54.34,4273300
11/25/2016,54.299999,54.93,54.119999,54.59,54.59,1381000
11/28/2016,54.68,55.029999,54.02,54.98,54.98,4237000
11/29/2016,54.98,55.84,54.779999,55.389999,55.389999,3816900
11/30/2016,55.459999,56.09,54.209999,54.209999,54.209999,5207000
12/1/2016,54.110001,54.529999,53.779999,54.259998,54.259998,4413900
12/2/2016,54.619999,54.82,53.830002,54.439999,54.439999,3087900
12/5/2016,54.599998,55.200001,54.549999,55.02,55.02,1999300
12/6/2016,55.02,56.689999,54.52,55.990002,55.990002,7616300
12/7/2016,56.689999,58.470001,55.950001,58.389999,58.389999,7594000
12/8/2016,58.400002,59.189999,57.98,58.549999,58.549999,4155800
12/9/2016,58.580002,58.650002,56.59,56.740002,56.740002,3406200
12/12/2016,56.650002,56.799999,55.869999,56.130001,56.130001,4155700
12/13/2016,56.560001,57.080002,56.43,56.650002,56.650002,3327200
12/14/2016,56.75,57.18,56.25,56.549999,56.549999,3298300
12/15/2016,56.849998,57.75,56.310001,57.25,57.25,3231800
12/16/2016,57.529999,57.66,56.630001,57.009998,57.009998,3430900
12/19/2016,57.23,58.25,57.049999,57.799999,57.799999,1926700
12/20/2016,57.82,58.299999,57.799999,58.060001,58.060001,1410400
12/21/2016,58.48,58.48,57.720001,57.82,57.82,1618100
12/22/2016,58.419998,58.419998,57.459999,58.080002,58.080002,1103600
12/23/2016,57.759998,58.310001,57.599998,58.02,58.02,1184200
12/27/2016,58.099998,58.549999,58.029999,58.32,58.32,1609400
12/28/2016,58.43,58.43,57.950001,58,58,1392500
12/29/2016,58.07,58.689999,57.959999,58.049999,58.049999,1671900
12/30/2016,57.860001,58.009998,57.080002,57.509998,57.509998,2119800
1/3/2017,58.099998,58.91,57.75,58.32,58.32,3004100
1/4/2017,58.360001,59.459999,58.040001,58.82,58.82,5540600
1/5/2017,58.77,59.419998,57.080002,57.610001,57.610001,5427200
1/6/2017,57.869999,58.139999,56.639999,56.77,56.77,4776100
1/9/2017,56.57,56.990002,56.27,56.669998,56.669998,3329700
1/10/2017,55.720001,58.84,55.299999,58.740002,58.740002,5457800
1/11/2017,58.540001,58.939999,57.279999,57.459999,57.459999,4718200
1/12/2017,57.400002,57.5,56.57,57.150002,57.150002,2286300
1/13/2017,57.25,57.849998,56.689999,57.189999,57.189999,1973700
1/17/2017,57.25,58.139999,56.889999,57.049999,57.049999,4114900
1/18/2017,57.540001,58.849998,57.389999,58.66,58.66,5317500
1/19/2017,58.52,60.639999,58.439999,60.07,60.07,6036400
1/20/2017,60.540001,60.73,59.509998,59.619999,59.619999,3911100
1/23/2017,60.77,60.860001,60.110001,60.240002,60.240002,3560500
1/24/2017,60.009998,60.57,59.619999,60.220001,60.220001,3903000
1/25/2017,60.200001,60.990002,59.84,60.740002,60.740002,4003100
1/26/2017,61.110001,63.639999,61.099998,63.369999,63.369999,12440100
1/27/2017,63.68,63.68,61.68,62.419998,62.419998,6294900
1/30/2017,61.91,62.080002,60.59,61.130001,61.130001,5359500
1/31/2017,61.25,62.619999,61.189999,62.27,62.27,4502200
2/1/2017,62.259998,63.650002,62.240002,63.259998,63.259998,8937500
2/2/2017,62.889999,62.959999,60.419998,61.150002,61.150002,6004400
2/3/2017,61.25,61.709999,60.810001,61.360001,61.360001,5141000
2/6/2017,61.130001,61.380001,60.889999,60.959999,60.959999,3761900
2/7/2017,61.029999,62.049999,60.610001,61.889999,61.889999,3369800
2/8/2017,61.5,62.619999,61.330002,61.889999,61.889999,5555100
2/9/2017,61.709999,62.419998,61.709999,62.25,62.25,3171500
2/10/2017,62.16,62.540001,61.400002,62.389999,62.389999,3829700
2/13/2017,60.59,61,60.029999,60.900002,60.900002,11670100
2/14/2017,61.240002,62.84,59.509998,61.599998,61.599998,17976400
2/15/2017,61.470001,61.799999,60.73,61.299999,61.299999,9362400
2/16/2017,61.189999,61.400002,60.32,60.610001,60.610001,3852100
2/17/2017,60.540001,65.410004,59.889999,63.919998,63.919998,13430300
2/21/2017,63.41,63.610001,62.330002,63.200001,63.200001,5579100
2/22/2017,63.27,63.470001,62.619999,63.080002,63.080002,2655100
2/23/2017,63.220001,63.349998,61.950001,62.07,62.07,5342200
2/24/2017,62.099998,62.580002,61.720001,62.209999,62.209999,4570800
2/27/2017,61.310001,62.18,60.790001,62.169998,62.169998,6179800
2/28/2017,62.25,62.889999,61.700001,62.529999,62.529999,4297900
3/1/2017,62.66,62.970001,62.189999,62.34,62.34,3777300
3/2/2017,62.200001,62.860001,61.669998,62.540001,62.540001,3688100
3/3/2017,62.220001,63.610001,62,63.560001,63.560001,4355200
3/6/2017,63.16,63.5,62.509998,62.84,62.84,3363700
3/7/2017,62.529999,62.869999,61.380001,61.630001,61.630001,3738800
3/8/2017,61.419998,62.200001,61.360001,61.41,61.41,4697200
3/9/2017,61.48,61.68,60.830002,61.139999,61.139999,6050300
3/10/2017,61.580002,61.869999,60.880001,61.48,61.48,4446000
3/13/2017,61.509998,61.98,61.119999,61.84,61.84,3604200
3/14/2017,61.799999,62.040001,61.139999,61.349998,61.349998,2309600
3/15/2017,61.610001,63.080002,61.439999,62.990002,62.990002,5470700
3/16/2017,63.09,63.189999,62.07,62.389999,62.389999,2882700
3/17/2017,62.990002,63.790001,62.650002,63.5,63.5,4563000
3/20/2017,63.389999,63.549999,62.75,63.110001,63.110001,2092700
3/21/2017,62.98,63.43,62.34,62.470001,62.470001,3416400
3/22/2017,62.68,63.580002,62.490002,63.27,63.27,4034500
3/23/2017,63.139999,63.700001,62.889999,63.119999,63.119999,2169100
3/24/2017,63.540001,64.760002,63.259998,64.169998,64.169998,4322700
3/27/2017,63.919998,64.279999,63.650002,64.220001,64.220001,2596000
3/28/2017,64,64.419998,63.639999,64.230003,64.230003,3404100
3/29/2017,64.389999,65.080002,63.970001,64.739998,64.739998,3681700
3/30/2017,64.75,65.209999,64.290001,65.129997,65.129997,2953600
3/31/2017,64.949997,65.349998,64.18,64.589996,64.589996,4431800
4/3/2017,64.199997,64.32,62.970001,63.549999,63.549999,4087700
4/4/2017,63.32,63.939999,63.259998,63.68,63.68,2605300
4/5/2017,63.759998,64,63.380001,63.5,63.5,2957800
4/6/2017,62.349998,63.330002,62.220001,63.240002,63.240002,6160000
4/7/2017,63.27,64.150002,63.139999,63.580002,63.580002,2507400
4/10/2017,63.889999,64.260002,62.380001,63.889999,63.889999,2386200
4/11/2017,63.84,64.019997,63.450001,63.93,63.93,2524400
4/12/2017,63.77,64,63.5,63.919998,63.919998,1549200
4/13/2017,64.150002,64.360001,63.700001,64.040001,64.040001,2275300
4/17/2017,64.5,64.970001,64.209999,64.940002,64.940002,2387800
4/18/2017,64.82,65.330002,64.580002,64.610001,64.610001,1977800
4/19/2017,65.050003,65.510002,64.82,65.129997,65.129997,3405600
4/20/2017,65.209999,65.410004,64.779999,64.809998,64.809998,2612100
4/21/2017,65.239998,65.239998,64.529999,64.699997,64.699997,4858300
4/24/2017,65.029999,65.970001,64.970001,65.93,65.93,5564500
4/25/2017,66,67.449997,65.260002,67.349998,67.349998,6728300
4/26/2017,67.690002,67.760002,67.139999,67.580002,67.580002,4727300
4/27/2017,67.660004,68.190002,67.5,67.739998,67.739998,2909600
4/28/2017,67.790001,67.870003,66.970001,67.269997,67.269997,3814200
5/1/2017,67.830002,68.400002,67.449997,68.309998,68.309998,4259200
5/2/2017,68.559998,68.879997,66.57,66.940002,66.940002,3769200
5/3/2017,66.82,67.139999,65.089996,65.349998,65.349998,6369400
5/4/2017,65.480003,65.629997,64.910004,65.480003,65.480003,3368600
5/5/2017,65.790001,66.489998,65.32,66.489998,66.489998,2707300
5/8/2017,66.839996,67.07,65.830002,66.150002,66.150002,3889700
5/9/2017,65.980003,66.059998,65.160004,65.5,65.5,3383500
5/10/2017,66.940002,67.629997,65.940002,66,66,6144600
5/11/2017,66.059998,66.309998,65.169998,65.809998,65.809998,3044700
5/12/2017,66.830002,66.870003,65.25,65.550003,65.550003,3731400
5/15/2017,65.610001,65.849998,65.010002,65.690002,65.690002,3484100
5/16/2017,65.650002,66.279999,65.5,65.910004,65.910004,3436900
5/17/2017,65.440002,66.440002,63.810001,63.91,63.91,6304700
5/18/2017,63.75,66.269997,63.630001,65.720001,65.720001,4936300
5/19/2017,66.709999,67.07,66,66.370003,66.370003,4974200
5/22/2017,66.330002,67.239998,66.25,67.220001,67.220001,2736500
5/23/2017,67.529999,67.879997,67.099998,67.620003,67.620003,2099500
5/24/2017,67.82,67.940002,67.050003,67.889999,67.889999,2483900
5/25/2017,67.830002,68.440002,67.720001,67.860001,67.860001,2221100
5/26/2017,67.879997,68.050003,67.519997,67.800003,67.800003,3631300
5/30/2017,67.610001,68.080002,66.949997,67.080002,67.080002,2841900
5/31/2017,67.080002,67.559998,66.779999,67.419998,67.419998,5185700
6/1/2017,67.419998,67.93,66.980003,67.900002,67.900002,1979500
6/2/2017,67.93,68.419998,67.769997,68.32,68.32,1853700
6/5/2017,68.309998,68.5,67.290001,67.400002,67.400002,3597400
6/6/2017,67.199997,67.489998,66.029999,66.110001,66.110001,4351900
6/7/2017,66.349998,66.43,65.5,65.919998,65.919998,3027200
6/8/2017,66.040001,66.25,65,65.690002,65.690002,5033400
6/9/2017,65.709999,65.709999,62.75,63.84,63.84,6337100
6/12/2017,63.560001,64.779999,63.52,64.669998,64.669998,3534500
6/13/2017,64.760002,65.099998,63.700001,64.010002,64.010002,4712800
6/14/2017,63.91,64.099998,62.849998,63.27,63.27,2986500
6/15/2017,62.77,63.73,62.459999,63.599998,63.599998,3883400
6/16/2017,63.27,63.810001,62.470001,63.130001,63.130001,7437700
6/19/2017,63.599998,64.029999,63.299999,64.010002,64.010002,2978100
6/20/2017,63.799999,64.529999,62.759998,63.98,63.98,6227700
6/21/2017,63.849998,64.050003,63.25,63.57,63.57,3203500
6/22/2017,63.630001,63.959999,63.259998,63.560001,63.560001,4180700
6/23/2017,63.48,63.810001,63.34,63.400002,63.400002,2086300
6/26/2017,63.599998,63.790001,63.119999,63.150002,63.150002,1595200
6/27/2017,61.25,62.540001,60.720001,61.009998,61.009998,10267300
6/28/2017,61.009998,61.540001,60.84,61.48,61.48,3170600
6/29/2017,61.189999,61.259998,59.59,60.299999,60.299999,7212600
6/30/2017,60.880001,61,59.939999,60.619999,60.619999,4814300
7/3/2017,60.740002,60.849998,59.900002,60,60,1637400
7/5/2017,59.880001,60.32,59.380001,59.950001,59.950001,6285900
7/6/2017,59.560001,59.889999,59.130001,59.450001,59.450001,5596100
7/7/2017,59.450001,60.16,59.259998,60.009998,60.009998,3266700
7/10/2017,60.07,60.889999,59.689999,60.799999,60.799999,4361100
7/11/2017,60.740002,61.470001,60.669998,61.23,61.23,3263400
7/12/2017,61.700001,61.880001,60.889999,61.509998,61.509998,3055100
7/13/2017,61.5,61.73,60.75,60.91,60.91,2416000
7/14/2017,61.209999,61.720001,60.619999,61.240002,61.240002,4904800
7/17/2017,61.040001,61.740002,60.75,61.380001,61.380001,3312500
7/18/2017,61.610001,61.75,60.91,61.389999,61.389999,4499400
7/19/2017,61.509998,62.080002,61.130001,61.970001,61.970001,6824500
7/20/2017,63.849998,64.029999,61.080002,61.119999,61.119999,13594500
7/21/2017,61.279999,62.73,61.080002,62.580002,62.580002,6980100
7/24/2017,62.389999,63.060001,62.25,62.529999,62.529999,3706800
7/25/2017,62.5,62.82,62.25,62.360001,62.360001,3985400
7/26/2017,62.34,62.880001,62.290001,62.389999,62.389999,2756000
7/27/2017,62.389999,62.75,61.43,61.619999,61.619999,3206400
7/28/2017,61.41,61.849998,61.110001,61.779999,61.779999,2809800
7/31/2017,62.25,62.509998,61.09,61.66,61.66,3989000
8/1/2017,62.099998,63.470001,61.610001,63.07,63.07,5531100
8/2/2017,63.220001,63.73,62.75,63.630001,63.630001,3658500
8/3/2017,63.720001,63.93,63.150002,63.73,63.73,3527700
8/4/2017,63.939999,64.529999,63.560001,64.519997,64.519997,3563600
8/7/2017,64.849998,65,64.150002,64.260002,64.260002,3637300
8/8/2017,64.040001,64.370003,63.650002,63.900002,63.900002,1880500
8/9/2017,63.630001,63.950001,63.189999,63.799999,63.799999,2145000
8/10/2017,63.310001,63.939999,62.119999,62.470001,62.470001,3092500
8/11/2017,62.450001,63.650002,62.240002,63.610001,63.610001,2464400
8/14/2017,64.190002,64.190002,63.669998,63.779999,63.779999,2455400
8/15/2017,63.790001,64,63.41,63.880001,63.880001,2654400
8/16/2017,63.75,64.480003,63.549999,64.279999,64.279999,2034800
8/17/2017,64,64.120003,62.98,62.990002,62.990002,2459900
8/18/2017,62.869999,63.470001,62.709999,63,63,1419600
8/21/2017,63.490002,63.490002,62.560001,62.830002,62.830002,2141400
8/22/2017,63.209999,64.5,63.049999,64.379997,64.379997,2432100
8/23/2017,64.199997,64.360001,63.880001,64,64,1721500
8/24/2017,63.959999,64.32,63.73,63.970001,63.970001,2115700
8/25/2017,64.120003,64.449997,63.720001,63.740002,63.740002,2316800
8/28/2017,64,64,63.57,63.720001,63.720001,1200000
8/29/2017,63.310001,63.740002,63.080002,63.470001,63.470001,1266800
8/30/2017,63.470001,64.370003,63.43,64.25,64.25,1437400
8/31/2017,64.25,64.760002,64.150002,64.709999,64.709999,2777600
9/1/2017,64.779999,64.860001,64.040001,64.160004,64.160004,1496900
9/5/2017,64.169998,64.459999,63.27,63.639999,63.639999,2168100
9/6/2017,63.810001,64.150002,63.139999,63.790001,63.790001,2774800
9/7/2017,64.010002,64.160004,63.139999,63.34,63.34,1785800
9/8/2017,63.400002,63.540001,62.59,62.740002,62.740002,2236300
9/11/2017,63.16,63.5,62.759998,63.029999,63.029999,2263800
9/12/2017,63.009998,63.759998,62.59,62.98,62.98,1504500
9/13/2017,62.93,63.43,62.59,62.799999,62.799999,2410800
9/14/2017,62.470001,62.610001,61.080002,61.169998,61.169998,4864000
9/15/2017,61.330002,61.889999,60.73,61.169998,61.169998,5597600
9/18/2017,60.950001,61.990002,60.75,61.799999,61.799999,4757000
9/19/2017,62.009998,65.459999,61.330002,65.419998,65.419998,11735700
9/20/2017,65.32,65.470001,63.09,63.52,63.52,4549300
9/21/2017,63.740002,63.990002,63.220001,63.389999,63.389999,1961700
9/22/2017,63.849998,64.529999,63.41,64.059998,64.059998,6631100
9/25/2017,64.110001,64.470001,62.799999,62.889999,62.889999,5985000
9/26/2017,63.060001,63.360001,62.77,63.029999,63.029999,2949200
9/27/2017,62.740002,63.169998,62.380001,62.389999,62.389999,3848800
9/28/2017,62.119999,62.25,61.689999,61.919998,61.919998,4341600
9/29/2017,62.130001,62.439999,61.400002,61.66,61.66,4975700
10/2/2017,61.34,61.779999,61.07,61.52,61.52,3516700
10/3/2017,61.560001,61.990002,61.400002,61.68,61.68,3966800
10/4/2017,61.419998,62.25,61.279999,61.5,61.5,5695500
10/5/2017,61.509998,62.09,61.32,61.52,61.52,3944200
10/6/2017,61.630001,62.630001,61.599998,62.41,62.41,4124800
10/9/2017,62.310001,62.610001,61.18,61.560001,61.560001,3148400
10/10/2017,61.689999,61.779999,61.110001,61.23,61.23,3251900
10/11/2017,61.150002,61.740002,59.419998,61.18,61.18,4411100
10/12/2017,61.07,61.669998,60.709999,61.279999,61.279999,2506600
10/13/2017,61.290001,61.549999,60.740002,61.389999,61.389999,2389400
10/16/2017,61.52,61.650002,60.900002,60.970001,60.970001,1489400
10/17/2017,60.93,61.040001,60.560001,60.939999,60.939999,1318800
10/18/2017,60.869999,60.91,60.25,60.68,60.68,3115500
10/19/2017,60.439999,61.970001,60.310001,61.509998,61.509998,4448500
10/20/2017,61.970001,61.98,60.279999,60.459999,60.459999,3795400
10/23/2017,61.099998,62,60.299999,61.470001,61.470001,6758900
10/24/2017,61.740002,62.400002,61.540001,62.279999,62.279999,3645100
10/25/2017,61.950001,62.259998,61.369999,61.93,61.93,4066700
10/26/2017,62.18,62.32,61.509998,61.73,61.73,2838800
10/27/2017,61.470001,63,61.470001,62.950001,62.950001,3084600
10/30/2017,62.669998,63.080002,59.209999,59.580002,59.580002,14267500
10/31/2017,59.639999,60.25,59.32,59.77,59.77,7361300
11/1/2017,60.139999,60.400002,59.360001,59.75,59.75,3352000
11/2/2017,59.759998,60.110001,58.130001,58.299999,58.299999,5884400
11/3/2017,59.009998,59.439999,58.580002,58.91,58.91,4097600
11/6/2017,56.200001,56.5,54.93,55.540001,55.540001,16985500
11/7/2017,55.779999,56.029999,54.599998,55.360001,55.360001,8785400
11/8/2017,55.360001,56.419998,55.240002,56.220001,56.220001,5981000
11/9/2017,56.5,56.57,55.630001,56,56,5205000
11/10/2017,55.689999,57.040001,55.540001,56.799999,56.799999,5758300
11/13/2017,56.799999,56.889999,55.91,56.439999,56.439999,4429100
11/14/2017,56.389999,56.959999,55.959999,56.540001,56.540001,5035300
11/15/2017,56.799999,56.990002,56.18,56.689999,56.689999,3709900
11/16/2017,56.810001,59.98,56.810001,59.799999,59.799999,10397700
11/17/2017,59.549999,60.07,58.959999,60.02,60.02,7147600
11/20/2017,59.75,60.450001,59.580002,60.299999,60.299999,4225100
11/21/2017,61.099998,61.25,60.23,60.41,60.41,5170200
11/22/2017,60.41,61.43,60.41,61.349998,61.349998,6643000
11/24/2017,60.810001,62.09,60.75,61.68,61.68,2129200
11/27/2017,62.200001,62.93,61.290001,62.779999,62.779999,5123600
11/28/2017,62.34,62.41,61,61.380001,61.380001,5690600
11/29/2017,61.560001,62.66,61.419998,61.830002,61.830002,4090400
11/30/2017,61.889999,62.400002,60.75,61.07,61.07,7164100
12/1/2017,60.349998,61.259998,60.150002,60.900002,60.900002,4973500
12/4/2017,61.200001,61.779999,60.200001,60.240002,60.240002,3902900
12/5/2017,60.5,61.34,60.299999,60.959999,60.959999,3634900
12/6/2017,60.529999,62.25,59.959999,62.119999,62.119999,5145800
12/7/2017,61.580002,62.919998,61.400002,61.919998,61.919998,4623000
12/8/2017,62.470001,62.98,62.34,62.540001,62.540001,3715000
12/11/2017,62.560001,63.470001,62.560001,63.07,63.07,3366700
12/12/2017,63.049999,63.939999,63.049999,63.48,63.48,3608400
12/13/2017,63.740002,64.470001,63.650002,63.830002,63.830002,6759300
12/14/2017,64.050003,64.050003,62.380001,62.560001,62.560001,7010800
12/15/2017,62.470001,63.48,62.150002,62.66,62.66,6584800
12/18/2017,62.669998,63.630001,62.580002,63.470001,63.470001,3382300
12/19/2017,63.52,64.639999,63.490002,63.639999,63.639999,5714400
12/20/2017,63.919998,64,62.799999,62.900002,62.900002,5545400
12/21/2017,63.349998,63.669998,63.110001,63.52,63.52,3035900
12/22/2017,63.490002,63.84,63.23,63.619999,63.619999,2313500
12/26/2017,62.950001,64.120003,62.93,63.790001,63.790001,1518000
12/27/2017,64.010002,64.199997,63.709999,64.110001,64.110001,1958700
12/28/2017,64.239998,64.639999,64.059998,64.349998,64.349998,1597200
12/29/2017,64.099998,64.43,63.459999,63.509998,63.509998,1844100
1/2/2018,63.900002,64.519997,63.540001,64.040001,64.040001,2192400
1/3/2018,63.889999,64.129997,63.25,63.610001,63.610001,2610800
1/4/2018,63.889999,64,62.880001,63,63,2384400
1/5/2018,63.540001,64.809998,63.119999,64.599998,64.599998,3292600
1/8/2018,64.459999,65.980003,64.309998,65.099998,65.099998,3606000
1/9/2018,66,66.519997,65.519997,65.599998,65.599998,5334400
1/10/2018,65.18,65.190002,63.610001,63.889999,63.889999,3597000
1/11/2018,63.939999,64.190002,63.23,63.84,63.84,3149100
1/12/2018,64.160004,64.260002,63.509998,63.68,63.68,3165200
1/16/2018,64.139999,64.139999,62.560001,62.970001,62.970001,4669900
1/17/2018,63.400002,64.449997,62.93,63.759998,63.759998,2925600
1/18/2018,63.84,64.080002,62.439999,62.880001,62.880001,4088700
1/19/2018,62.75,63.830002,62.75,63.709999,63.709999,4768300
1/22/2018,63.75,63.990002,63.48,63.939999,63.939999,2390300
1/23/2018,64.019997,64.800003,63.66,64.529999,64.529999,2872400
1/24/2018,64.589996,65.339996,64.550003,65,65,2894300
1/25/2018,65.400002,65.449997,64.330002,64.389999,64.389999,2798500
1/26/2018,64.599998,65.400002,64.400002,65.279999,65.279999,2028400
1/29/2018,64.75,64.970001,64.349998,64.599998,64.599998,2553600
1/30/2018,64.800003,64.970001,64.389999,64.760002,64.760002,2017700
1/31/2018,64.540001,65.32,64.269997,65.099998,65.099998,2164900
2/1/2018,64.699997,65.110001,63.549999,63.790001,63.790001,4258500
2/2/2018,63.84,64.32,63.32,63.59,63.59,2647200
2/5/2018,63.459999,63.810001,61.529999,61.540001,61.540001,3489600
2/6/2018,60.029999,61.98,60,60.849998,60.849998,5740600
2/7/2018,60.959999,62.91,60.959999,62.060001,62.060001,7319300
2/8/2018,61,62.5,58.860001,58.880001,58.880001,8031400
2/9/2018,60.099998,60.450001,57.650002,59.200001,59.200001,5150900
2/12/2018,59.66,60.060001,58.07,58.119999,58.119999,4816100
2/13/2018,57.68,58.279999,57.220001,57.689999,57.689999,5378600
2/14/2018,57.349998,58.799999,57.060001,58.619999,58.619999,6498600
2/15/2018,59.32,60.610001,58.189999,60.439999,60.439999,6213400
2/16/2018,60.630001,60.869999,59.790001,60.060001,60.060001,4812000
2/20/2018,60,60.830002,59.66,60.509998,60.509998,3059000
2/21/2018,61.09,61.09,59.389999,59.419998,59.419998,2973800
2/22/2018,59.75,59.98,58.59,58.73,58.73,3066000
2/23/2018,59.389999,60.080002,58.639999,60.060001,60.060001,4079700
2/26/2018,60,61.150002,58.740002,61.110001,61.110001,4472100
2/27/2018,61.040001,61.169998,59.93,59.939999,59.939999,4245400
2/28/2018,60.52,61.389999,59.959999,60.610001,60.610001,4176200
3/1/2018,60.779999,62.400002,60.48,61.900002,61.900002,5373200
3/2/2018,61.580002,62.669998,61.279999,62.470001,62.470001,5207900
3/5/2018,62.009998,63.119999,62.009998,62.950001,62.950001,3381000
3/6/2018,63.299999,63.91,62.650002,63.560001,63.560001,3791900
3/7/2018,63.57,65,63.209999,64.559998,64.559998,6485500
3/8/2018,65,65.279999,64.25,65.059998,65.059998,2847200
3/9/2018,65.300003,65.779999,65.120003,65.25,65.25,3644000
3/12/2018,65.510002,65.730003,64.43,64.550003,64.550003,2965200
3/13/2018,65.510002,65.730003,64.43,64.980003,64.980003,4421100
3/14/2018,65.230003,65.639999,64.5,64.779999,64.779999,3283600
3/15/2018,64.709999,65.519997,64.610001,64.709999,64.709999,2679300
3/16/2018,64.440002,65,64.360001,64.760002,64.760002,6054700
3/19/2018,64.68,64.860001,63.049999,63.220001,63.220001,3690300
3/20/2018,63.32,64.110001,62.689999,62.779999,62.779999,2547800
3/21/2018,62.599998,63.209999,62.52,62.59,62.59,2577400
3/22/2018,61.84,62.07,61.209999,61.25,61.25,4103500
3/23/2018,61.419998,61.77,59.73,59.740002,59.740002,5137700
3/26/2018,60.700001,61.630001,60.18,61.389999,61.389999,3395300
3/27/2018,61.66,62.02,60.080002,60.34,60.34,2462600
3/28/2018,60.549999,61.709999,60.360001,60.869999,60.869999,2589700
3/29/2018,60.950001,61.290001,60.41,61.040001,61.040001,2703100
4/2/2018,60.400002,60.830002,59.290001,59.619999,59.619999,2595100
4/3/2018,60.060001,60.18,59.290001,59.59,59.59,3168800
4/4/2018,59.049999,60.09,58.91,59.75,59.75,5541600
4/5/2018,60.130001,60.450001,59.5,59.810001,59.810001,5461300
4/6/2018,59.5,60.299999,59.349998,59.650002,59.650002,3581500
4/9/2018,59.77,60.41,59.689999,59.740002,59.740002,4183000
4/10/2018,60.380001,64.559998,60.200001,63.130001,63.130001,19873000
4/11/2018,62.720001,63.610001,62.709999,62.919998,62.919998,4766900
4/12/2018,63.09,63.48,62.93,63.02,63.02,2380600
4/13/2018,63.130001,63.200001,61.790001,61.950001,61.950001,2670000
4/16/2018,62.349998,63.040001,61.810001,62.75,62.75,1947200
4/17/2018,63,63.630001,62.57,63.02,63.02,2957000
4/18/2018,63.080002,63.360001,62.59,62.900002,62.900002,2606400
4/19/2018,62.650002,63.610001,62.650002,63.25,63.25,2826000
4/20/2018,63.27,63.57,62.93,63.09,63.09,2829200
4/23/2018,63.150002,63.360001,62.150002,62.290001,62.290001,2649300
4/24/2018,62.82,62.98,62.099998,62.580002,62.580002,2560300
4/25/2018,62.48,64.32,62.32,63.93,63.93,5405900
4/26/2018,63.869999,64.379997,63.439999,64.099998,64.099998,3595000
4/27/2018,64.349998,65.68,63.990002,64.519997,64.519997,8920000
4/30/2018,62.790001,62.990002,59.290001,60.509998,60.509998,26172000
5/1/2018,60.77,61.189999,58.169998,59.43,59.43,12400700
5/2/2018,59.810001,60.200001,55.549999,56.970001,56.970001,14930700
5/3/2018,56.639999,57.080002,55.09,55.919998,55.919998,10742200
5/4/2018,55.869999,57.740002,55.830002,57.259998,57.259998,6230600
5/7/2018,57.32,58,56.029999,56.540001,56.540001,6202000
5/8/2018,56.700001,56.939999,55.43,55.580002,55.580002,4802000
5/9/2018,55.900002,56.43,55.57,56.32,56.32,5059200
5/10/2018,56.169998,57.290001,56.169998,56.849998,56.849998,5527500
5/11/2018,57.049999,57.34,56.240002,56.389999,56.389999,2774300
5/14/2018,56.389999,56.66,56.119999,56.459999,56.459999,3771800
5/15/2018,56.060001,57.029999,56,56.369999,56.369999,2919400
5/16/2018,56.880001,56.900002,56.259998,56.529999,56.529999,2904500
5/17/2018,56.52,56.77,56.400002,56.68,56.68,2478300
5/18/2018,56.75,57.5,56.509998,56.93,56.93,4025700
5/21/2018,57.189999,57.32,56.560001,57.189999,57.189999,2009200
5/22/2018,57.360001,57.599998,56.91,57.18,57.18,2752400
5/23/2018,56.939999,57.279999,56.459999,57.02,57.02,2770600
5/24/2018,57.16,57.369999,56.860001,56.98,56.98,2548900
5/25/2018,57.099998,57.220001,56.580002,56.59,56.59,2051400
5/29/2018,56.360001,57.150002,55.98,56.619999,56.619999,2997800
5/30/2018,56.66,57.060001,56.200001,56.330002,56.330002,4615900
5/31/2018,56.23,56.259998,55.23,55.700001,55.700001,5888600
6/1/2018,56,57.049999,55.900002,56.869999,56.869999,3314900
6/4/2018,56.799999,57.439999,56.619999,57.119999,57.119999,3642300
6/5/2018,56.91,57.59,56.880001,57.16,57.16,1787300
6/6/2018,57.34,57.630001,56.900002,57.599998,57.599998,2853500
6/7/2018,57.5,58.200001,57.5,57.82,57.82,3849600
6/8/2018,57.330002,57.970001,56.98,57.799999,57.799999,2491500
6/11/2018,57.599998,58.18,57.41,57.990002,57.990002,2509400
6/12/2018,57.91,58.23,57.759998,58.09,58.09,1968600
6/13/2018,59,59.09,58.380001,58.68,58.68,6181700
6/14/2018,58.810001,59.700001,58.599998,59.529999,59.529999,3081300
6/15/2018,59.630001,60.080002,59.369999,60.009998,60.009998,3696200
6/18/2018,59.650002,60.470001,59.23,60.360001,60.360001,4088300
6/19/2018,59.790001,60.880001,59.43,60.540001,60.540001,3649800
6/20/2018,60.650002,60.73,60.07,60.34,60.34,4565900
6/21/2018,60.240002,60.700001,59.459999,60,60,3008400
6/22/2018,60.330002,61.16,60.07,60.790001,60.790001,3424400
6/25/2018,60.529999,60.900002,59.470001,59.73,59.73,4397300
6/26/2018,59.709999,59.759998,58.82,59.700001,59.700001,3546400
6/27/2018,59.580002,60.470001,59.18,59.34,59.34,2475600
6/28/2018,59.939999,60.200001,58.68,59.860001,59.860001,4024500
6/29/2018,59.880001,60.040001,59.470001,59.75,59.75,2433800
7/2/2018,59.459999,59.959999,59.040001,59.91,59.91,2217800
7/3/2018,59.68,59.860001,58.91,59.139999,59.139999,3121600
7/5/2018,59.450001,60.119999,59.209999,60.060001,60.060001,3348200
7/6/2018,60.07,61.369999,59.900002,61.139999,61.139999,2928200
7/9/2018,61,61.610001,60.650002,61.34,61.34,2788700
7/10/2018,61.419998,61.509998,60.98,61.18,61.18,1502200
7/11/2018,60.290001,60.959999,59.810001,60.18,60.18,2473600
7/12/2018,60.279999,61.619999,60.009998,61.580002,61.580002,3631300
7/13/2018,61.240002,61.810001,60.970001,61.68,61.68,3079300
7/16/2018,61.509998,62.09,61.509998,61.630001,61.630001,1695100
7/17/2018,61.439999,61.990002,61.099998,61.209999,61.209999,1779700
7/18/2018,61.419998,61.490002,60.490002,60.52,60.52,1916800
7/19/2018,60.259998,60.380001,59.23,59.41,59.41,2738600
7/20/2018,59.41,59.610001,59.07,59.25,59.25,2102600
7/23/2018,59.130001,59.23,58.32,58.360001,58.360001,2462100
7/24/2018,58.48,59.099998,57.889999,58.779999,58.779999,2519700
7/25/2018,58.779999,59.32,58.509998,58.830002,58.830002,2194900
7/26/2018,59.099998,59.799999,58.889999,59.369999,59.369999,2548000
7/27/2018,59.470001,60.669998,59.290001,59.610001,59.610001,2325100
7/30/2018,59.5,60.740002,59.5,59.82,59.82,2324200
7/31/2018,59.869999,60.200001,59.48,60,60,2495700
8/1/2018,59.950001,60.169998,59.139999,59.360001,59.360001,4099300
8/2/2018,61.110001,62.240002,60,62.18,62.18,6327000
8/3/2018,61.110001,62.259998,61.110001,61.549999,61.549999,2603300
8/6/2018,61.59,66.400002,61.580002,66.300003,66.300003,14881000
8/7/2018,66.309998,66.339996,65.129997,65.330002,65.330002,4777600
8/8/2018,65.309998,65.650002,64.459999,65.5,65.5,3106500
8/9/2018,65.519997,65.739998,64.839996,64.970001,64.970001,2317500
8/10/2018,64.639999,65.199997,64.059998,64.980003,64.980003,2241600
8/13/2018,64.940002,65.800003,64.529999,65.699997,65.699997,3222200
8/14/2018,65.779999,66.440002,65.660004,65.959999,65.959999,3311900
8/15/2018,65.519997,65.900002,65.040001,65.410004,65.410004,2408500
8/16/2018,65.68,66.209999,65.550003,65.980003,65.980003,2549400
8/17/2018,65.870003,66.059998,65.550003,65.900002,65.900002,3088400
8/20/2018,65.739998,66.239998,65.5,65.839996,65.839996,2621400
8/21/2018,65.769997,66.639999,65.769997,66.510002,66.510002,1973900
8/22/2018,66.279999,66.410004,65.519997,65.809998,65.809998,1750200
8/23/2018,65.5,65.900002,65.18,65.209999,65.209999,1564500
8/24/2018,65.449997,65.93,65.169998,65.410004,65.410004,1945600
8/27/2018,65.199997,65.940002,65.199997,65.800003,65.800003,1629300
8/28/2018,65.849998,66.089996,65.410004,65.589996,65.589996,1697800
8/29/2018,65.739998,66.489998,65.510002,65.980003,65.980003,2411700
8/30/2018,65.57,66.360001,65.330002,66.010002,66.010002,1965700
8/31/2018,66.129997,66.379997,65.699997,66.040001,66.040001,2375200
9/4/2018,65.739998,66.300003,65.529999,65.769997,65.769997,2103900
9/5/2018,65.629997,66.029999,65.43,65.709999,65.709999,3141100
9/6/2018,65.5,65.959999,65.370003,65.519997,65.519997,2277400
9/7/2018,65.330002,65.639999,64.07,64.389999,64.389999,2843100
9/10/2018,64.980003,65.800003,64.589996,65.559998,65.559998,2171600
9/11/2018,65.559998,66.019997,65.239998,65.910004,65.910004,1375400
9/12/2018,66,68.32,65.620003,67.919998,67.919998,5019900
9/13/2018,68,68.709999,67.370003,68.480003,68.480003,3797300
9/14/2018,68.580002,68.650002,67.900002,68.25,68.25,3161700
9/17/2018,68.029999,68.18,67.32,67.419998,67.419998,2757300
9/18/2018,67.43,68.580002,67.080002,68.489998,68.489998,4113100
9/19/2018,68.610001,68.870003,67.720001,68.349998,68.349998,2847100
9/20/2018,68.779999,69.150002,68.339996,69.129997,69.129997,1875200
9/21/2018,69.339996,69.769997,68.889999,69.07,69.07,4046100
9/24/2018,68.699997,69.339996,68.5,68.919998,68.919998,2749300
9/25/2018,69.510002,69.550003,68.559998,69.449997,69.449997,2610800
9/26/2018,69.470001,69.489998,68.690002,68.790001,68.790001,2577700
9/27/2018,69.080002,70.629997,68.870003,70.489998,70.489998,3661000
9/28/2018,70.449997,70.879997,69.980003,70.18,70.18,3703800
10/1/2018,70.709999,70.940002,69.970001,70.25,70.25,2684400
10/2/2018,70.160004,70.580002,69.57,69.720001,69.720001,2272300
10/3/2018,69.82,69.980003,68.75,68.980003,68.980003,5562000
10/4/2018,68.529999,68.989998,68.260002,68.949997,68.949997,2890600
10/5/2018,68.949997,69.730003,68.120003,68.589996,68.589996,2933600
10/8/2018,68.589996,69.239998,68.029999,68.82,68.82,3656400
10/9/2018,68.769997,69.349998,68.239998,68.459999,68.459999,3237200
10/10/2018,68.540001,69.050003,66.550003,66.629997,66.629997,6295500
10/11/2018,66.75,67.709999,66.010002,66.209999,66.209999,5098300
10/12/2018,67.269997,68.599998,66.839996,68.379997,68.379997,3870600
10/15/2018,68.120003,68.660004,67.580002,67.620003,67.620003,3014000
10/16/2018,67.68,69.129997,67.559998,68.940002,68.940002,2422300
10/17/2018,68.959999,69.660004,68.580002,69.080002,69.080002,2662700
10/18/2018,69.230003,69.690002,68.330002,68.769997,68.769997,2954400
10/19/2018,69.529999,70.139999,69.209999,69.75,69.75,4744300
10/22/2018,69.849998,70.209999,69.419998,69.510002,69.510002,2647300
10/23/2018,69.080002,69.769997,67.790001,69.279999,69.279999,3113000
10/24/2018,69.050003,69.370003,65.589996,65.709999,65.709999,5758800
10/25/2018,66.339996,67,65.099998,66.32,66.32,6795200
10/26/2018,64.550003,65.559998,64.279999,65.110001,65.110001,7111300
10/29/2018,66.139999,66.660004,63.48,64.910004,64.910004,4654800
10/30/2018,64.529999,65.489998,63.610001,63.919998,63.919998,6077300
10/31/2018,67.370003,69.599998,67.25,68.550003,68.550003,9212400
11/1/2018,68.959999,69.599998,68.610001,68.879997,68.879997,4194700
11/2/2018,69.389999,69.449997,67.550003,68.510002,68.510002,2606400
11/5/2018,68.959999,69.669998,68.57,68.889999,68.889999,2743100
11/6/2018,68.849998,69.279999,68.269997,68.769997,68.769997,3891400
11/7/2018,69.239998,70.779999,69.050003,70.339996,70.339996,3639600
11/8/2018,70.07,70.75,69.519997,69.75,69.75,2763700
11/9/2018,69.419998,69.699997,67.980003,68.68,68.68,2263600
11/12/2018,68.690002,69.160004,67.779999,67.889999,67.889999,2471500
11/13/2018,68.540001,69.410004,68.260002,68.410004,68.410004,4005100
11/14/2018,68.660004,69.220001,67.550003,68.120003,68.120003,3665500
11/15/2018,67.860001,68.360001,67.550003,68.080002,68.080002,2826800
11/16/2018,67.230003,69.699997,67,69.139999,69.139999,5257200
11/19/2018,68.529999,69.599998,67.919998,68,68,3387500
11/20/2018,67.739998,67.779999,66.209999,66.57,66.57,5081100
11/21/2018,66.790001,67.510002,66.629997,66.779999,66.779999,3274200
11/23/2018,66.389999,67.459999,66.080002,67.07,67.07,1215200
11/26/2018,67.760002,67.889999,67.18,67.489998,67.489998,3285100
11/27/2018,67.239998,68.120003,66.940002,67.489998,67.489998,2393800
11/28/2018,67.75,68.980003,67.510002,68.919998,68.919998,3272000
11/29/2018,68.400002,68.940002,68.080002,68.68,68.68,2814600
11/30/2018,68.879997,69.209999,68.080002,68.449997,68.449997,3470700
12/3/2018,68.5,69.019997,66.970001,67.800003,67.800003,3641200
12/4/2018,67.459999,68.540001,65.470001,66.57,66.57,5329700
12/6/2018,65.68,67.550003,65.019997,67.300003,67.300003,4899100
12/7/2018,66.68,68.470001,65.370003,65.690002,65.690002,3340800
12/10/2018,65.669998,65.959999,64.339996,65.730003,65.730003,3012500
12/11/2018,66.620003,67.339996,65.440002,65.529999,65.529999,2475300
12/12/2018,66.769997,67.080002,66.059998,66.099998,66.099998,3279600
12/13/2018,66.209999,66.849998,65.470001,66.360001,66.360001,3209600
12/14/2018,65.830002,66.690002,65.389999,65.650002,65.650002,2872700
12/17/2018,65.730003,65.940002,64.279999,64.809998,64.809998,3999300
12/18/2018,64.809998,65.629997,63.950001,64.779999,64.779999,4068400
12/19/2018,64.639999,66.57,64.480003,64.870003,64.870003,4204100
12/20/2018,64.620003,65.309998,63.41,64.260002,64.260002,5126900
12/21/2018,64.580002,65.370003,61.700001,61.93,61.93,7669100
12/24/2018,61.509998,61.720001,59.959999,60.799999,60.799999,2581800
12/26/2018,60.919998,63.029999,59.959999,63.009998,63.009998,5088100
12/27/2018,62.349998,62.66,60.889999,62.650002,62.650002,4353500
12/28/2018,62.700001,63.75,62.610001,63.240002,63.240002,4098300
12/31/2018,63.32,63.650002,62.41,63.610001,63.610001,3112500
1/2/2019,62.869999,65.330002,62.549999,65.260002,65.260002,4418600
1/3/2019,64.550003,66.239998,64.110001,65.019997,65.019997,3390700
1/4/2019,65.879997,67.559998,65.550003,67.489998,67.489998,5490200
1/7/2019,67.370003,68.610001,67.010002,68.440002,68.440002,4786900
1/8/2019,68.669998,68.68,67.370003,67.769997,67.769997,6052700
1/9/2019,68.650002,68.669998,67.120003,67.720001,67.720001,4498600
1/10/2019,67.440002,68.860001,67.220001,67.959999,67.959999,3230800
1/11/2019,67.830002,69.059998,67.400002,69,69,4177300
1/14/2019,68.410004,68.519997,67.419998,67.910004,67.910004,2691000
1/15/2019,67.809998,68.559998,66.699997,67.139999,67.139999,5366700
1/16/2019,67.510002,67.610001,66.379997,66.690002,66.690002,3261000
1/17/2019,66.720001,66.75,65.639999,66.25,66.25,3357400
1/18/2019,67.110001,68.050003,66.370003,66.959999,66.959999,4766500
1/22/2019,66.75,67.190002,66.199997,66.830002,66.830002,2971200
1/23/2019,66.800003,67.849998,66.57,67.800003,67.800003,1979500
1/24/2019,67.720001,68.660004,67.220001,68.660004,68.660004,2849800
1/25/2019,68.93,69.269997,68.199997,68.480003,68.480003,4940400
1/28/2019,67.870003,68.489998,67.059998,67.620003,67.620003,2958100
1/29/2019,67.660004,67.940002,66.629997,67.779999,67.779999,2340100
1/30/2019,67.739998,68.690002,67.089996,68.32,68.32,2318300
1/31/2019,68.410004,70.120003,68.029999,69.620003,69.620003,5816100
2/1/2019,69.459999,69.779999,69.080002,69.629997,69.629997,3117900
2/4/2019,69.410004,69.629997,68.879997,69.410004,69.410004,1926200
2/5/2019,69.699997,69.699997,66.800003,66.849998,66.849998,5001100
2/6/2019,66.800003,67.300003,66.540001,66.940002,66.940002,4334500
2/7/2019,68,68.459999,65.559998,68.279999,68.279999,7554600
2/8/2019,67.639999,68.470001,66.949997,68.379997,68.379997,4129500
2/11/2019,68.169998,69.18,68,68.440002,68.440002,2644100
2/12/2019,69,69.669998,68.5,69.599998,69.599998,2630700
2/13/2019,69.610001,69.959999,68.860001,69.07,69.07,4742400
2/14/2019,69.099998,70.519997,69.010002,70.5,70.5,3200300
2/15/2019,70.650002,72.07,70.43,72.050003,72.050003,5711300
2/19/2019,72.010002,72.860001,71.760002,72.519997,72.519997,3672800
2/20/2019,72.459999,73.080002,72.169998,72.75,72.75,4476900
2/21/2019,72.57,73.760002,72.389999,73.410004,73.410004,4561200
2/22/2019,73.800003,74.059998,72.970001,73.199997,73.199997,2522000
2/25/2019,73.370003,73.529999,72.620003,73.050003,73.050003,2400400
2/26/2019,71.440002,72.970001,71.25,72.529999,72.529999,2915400
2/27/2019,72.129997,72.529999,71.769997,72.120003,72.120003,2742600
2/28/2019,72.080002,72.699997,71.919998,72.209999,72.209999,3072600
3/1/2019,72.389999,72.599998,71.779999,72.339996,72.339996,1883600
3/4/2019,72.239998,72.339996,71.279999,71.650002,71.650002,2439400
3/5/2019,71.75,71.980003,71.279999,71.410004,71.410004,1725600
3/6/2019,71.410004,71.599998,69.989998,70.779999,70.779999,4375400
3/7/2019,70.620003,71.379997,70.519997,71.32,71.32,2309300
3/8/2019,70.93,71.25,70.18,70.650002,70.650002,3573400
3/11/2019,70.830002,71.580002,70.410004,71.470001,71.470001,2493100
3/12/2019,71.470001,72.129997,71.25,71.699997,71.699997,2773200
3/13/2019,72.120003,72.480003,71.68,72.25,72.25,1920400
3/14/2019,72.25,72.440002,71.940002,72.339996,72.339996,1653300
3/15/2019,72.760002,73.5,72.099998,73.459999,73.459999,2806200
3/18/2019,73.279999,73.910004,72.949997,73.68,73.68,2945300
3/19/2019,74,74.059998,72.410004,72.589996,72.589996,4188100
3/20/2019,72.800003,72.93,72.010002,72.059998,72.059998,3136200
3/21/2019,72.080002,72.739998,71.989998,72.260002,72.260002,2329200
3/22/2019,71.93,72.470001,71.809998,71.900002,71.900002,3265900
3/25/2019,71.849998,72.410004,71.639999,72.309998,72.309998,1972400
3/26/2019,72.580002,73.360001,72.370003,73.339996,73.339996,2857200
3/27/2019,73.389999,73.790001,71.959999,72.239998,72.239998,4989700
3/28/2019,71.980003,72.25,68.919998,69.150002,69.150002,5866500
3/29/2019,69.330002,69.489998,68.160004,69.099998,69.099998,5051900
4/1/2019,69.540001,70.040001,69.269997,69.970001,69.970001,3808300
4/2/2019,69.809998,70.160004,69.220001,69.730003,69.730003,3913300
4/3/2019,69.82,70.019997,68.699997,69,69,3077500
4/4/2019,69.080002,70.129997,69,70.050003,70.050003,3037100
4/5/2019,70.480003,70.75,70.050003,70.349998,70.349998,3483100
4/8/2019,70.139999,71.239998,69.769997,71.230003,71.230003,4035400
4/9/2019,70.959999,71.660004,70.269997,71.419998,71.419998,2866800
4/10/2019,71.550003,72.330002,71.190002,72.160004,72.160004,2629900
4/11/2019,72.150002,73.010002,71.839996,73,73,2535700
4/12/2019,73.190002,73.879997,72.870003,73.709999,73.709999,2858700
4/15/2019,73.709999,73.860001,73.190002,73.790001,73.790001,2194500
4/16/2019,74,74.269997,73.519997,74.099998,74.099998,2834500
4/17/2019,72.720001,74.309998,71.300003,72.459999,72.459999,7576000
4/18/2019,73.220001,73.779999,72.57,73.75,73.75,2746800
4/22/2019,73.760002,73.860001,73.010002,73.720001,73.720001,1912400
4/23/2019,73.559998,74,73.050003,73.75,73.75,2180400
4/24/2019,73.389999,73.870003,72.720001,73.330002,73.330002,2373500
4/25/2019,72.699997,73.580002,72.510002,72.709999,72.709999,3365800
4/26/2019,74.730003,74.730003,72.599998,72.919998,72.919998,3561900
4/29/2019,72.940002,73.82,72.5,73.599998,73.599998,2631300
4/30/2019,73.470001,73.739998,72.550003,72.989998,72.989998,3064900
5/1/2019,73.139999,74.110001,73.040001,73.580002,73.580002,2941100
5/2/2019,73.779999,73.949997,72.660004,73.610001,73.610001,2269300
5/3/2019,73.709999,74.779999,73.400002,74.739998,74.739998,2588800
5/6/2019,73.879997,74.510002,73.339996,74.459999,74.459999,1875700
5/7/2019,73.800003,74.449997,73.540001,74,74,2594800
5/8/2019,73.959999,73.959999,72.480003,72.629997,72.629997,2849200
5/9/2019,72.300003,74.400002,72.25,74.25,74.25,3319800
5/10/2019,74,75.32,73.540001,75.230003,75.230003,3360500
5/13/2019,74.379997,74.739998,73.25,73.419998,73.419998,3476800
5/14/2019,73.419998,73.870003,73.040001,73.599998,73.599998,2987100
5/15/2019,73.370003,74.779999,73.050003,74.629997,74.629997,3798200
5/16/2019,74.480003,77.129997,74.25,75.379997,75.379997,4946400
5/17/2019,75.389999,76.32,75.019997,75.370003,75.370003,3619000
5/20/2019,79.870003,80.93,75.720001,78.290001,78.290001,20102700
5/21/2019,78.160004,78.290001,76.779999,77.150002,77.150002,6339000
5/22/2019,76.489998,77.129997,76.139999,76.349998,76.349998,3287300
5/23/2019,76.260002,77,75.25,76.010002,76.010002,3887000
5/24/2019,76.5,77.449997,75.629997,77.269997,77.269997,3579500
5/28/2019,77.550003,77.980003,75.889999,75.910004,75.910004,5391300
5/29/2019,75.82,76.650002,75.290001,76.129997,76.129997,3540700
5/30/2019,76.040001,76.57,75.019997,76.029999,76.029999,4111900
5/31/2019,74.809998,75.25,73.279999,73.440002,73.440002,5147800
6/3/2019,73.620003,74.639999,73.370003,74.199997,74.199997,2941000
6/4/2019,74.629997,75.739998,74.519997,75.690002,75.690002,3144700
6/5/2019,75.940002,76.550003,75.669998,76.290001,76.290001,1970200
6/6/2019,76.139999,76.440002,74.610001,75.949997,75.949997,2671000
6/7/2019,76.550003,77.139999,76.309998,77.029999,77.029999,2256600
6/10/2019,77.059998,77.379997,76.379997,76.669998,76.669998,3096000
6/11/2019,77.129997,77.459999,74.629997,75.459999,75.459999,3822500
6/12/2019,75.830002,75.900002,74.650002,75.379997,75.379997,3296200
6/13/2019,75.169998,75.279999,74.010002,74.449997,74.449997,4279700
6/14/2019,74.669998,78,74.279999,74.900002,74.900002,4813600
6/17/2019,75.080002,75.43,74.540001,75.269997,75.269997,2929000
6/18/2019,75.940002,77.129997,75.550003,76.440002,76.440002,4995900
6/19/2019,76.339996,78.5,76.339996,78.279999,78.279999,3377800
6/20/2019,79.110001,79.260002,77.150002,77.93,77.93,3339500
6/21/2019,77.709999,77.75,75.199997,75.699997,75.699997,5223900
6/24/2019,76.019997,76.550003,75.379997,75.540001,75.540001,2123000
6/25/2019,75.470001,75.5,74.449997,74.580002,74.580002,2593900
6/26/2019,74.279999,74.400002,72.769997,73.040001,73.040001,4393300
6/27/2019,73.449997,73.720001,72.919998,73.290001,73.290001,2319600
6/28/2019,73.290001,74.489998,72.900002,74.139999,74.139999,4117800
7/1/2019,74.669998,74.669998,73.919998,74.150002,74.150002,2226100
7/2/2019,74.400002,75.779999,73.919998,75.480003,75.480003,2871700
7/3/2019,75.889999,77.029999,75.599998,75.82,75.82,2080900
7/5/2019,75.830002,76.43,75.629997,76.230003,76.230003,1318500
7/8/2019,76.370003,76.389999,75.43,75.629997,75.629997,1667300
7/9/2019,75.349998,75.830002,75.080002,75.150002,75.150002,3553000
7/10/2019,77.959999,78.949997,77.57,78.629997,78.629997,14441200
7/11/2019,78.730003,78.879997,76.949997,78.260002,78.260002,10108700
7/12/2019,78.199997,79.730003,78.010002,79.449997,79.449997,63068400
7/15/2019,79.669998,80,78.589996,79.309998,79.309998,6189800
7/16/2019,79.349998,79.589996,78.830002,79.040001,79.040001,5234900
7/17/2019,79.230003,79.459999,78.900002,78.93,78.93,3238100
7/18/2019,78.779999,79.07,77.269997,77.970001,77.970001,6471700
7/19/2019,77.989998,77.989998,76.940002,77.43,77.43,5311800
7/22/2019,77.800003,78.660004,77.269997,77.660004,77.660004,4694700
7/23/2019,77.739998,78.160004,76.949997,78.139999,78.139999,3507800
7/24/2019,79.199997,81.57,78.830002,80.610001,80.610001,10198400
7/25/2019,81.360001,81.410004,79.709999,79.910004,79.910004,5501600
7/26/2019,81.099998,85.220001,80.949997,84.25,84.25,12333200
7/29/2019,84.629997,84.790001,81.919998,82.379997,82.379997,5858900
7/30/2019,81.699997,82.330002,81.019997,81.300003,81.300003,5285000
7/31/2019,81.220001,81.650002,78.949997,79.730003,79.730003,4596600
8/1/2019,79.989998,80.309998,78.769997,79.309998,79.309998,4761400
8/2/2019,79.389999,79.389999,76.790001,77.730003,77.730003,5428000
8/5/2019,76.849998,77,75.620003,76.190002,76.190002,4046200
8/6/2019,76.510002,77.32,75.970001,77.279999,77.279999,4010400
8/7/2019,76.489998,76.800003,75.269997,76.480003,76.480003,3492700
8/8/2019,76.940002,78.059998,76.830002,77.900002,77.900002,3023400
8/9/2019,77.599998,78.209999,77.010002,77.519997,77.519997,2698600
8/12/2019,77.07,77.610001,76.769997,76.940002,76.940002,1888200
8/13/2019,76.93,78.260002,76.779999,77.620003,77.620003,2541600
8/14/2019,76.769997,77.379997,76.110001,76.93,76.93,2900800
8/15/2019,76.470001,77.800003,76.199997,77.269997,77.269997,2582100
8/16/2019,77.989998,78.25,77.459999,77.75,77.75,3094600
8/19/2019,78.260002,78.5,77.720001,78.230003,78.230003,1697300
8/20/2019,77.980003,78.239998,77.639999,77.68,77.68,1856000
8/21/2019,78.07,78.309998,77.769997,78.18,78.18,1221500
8/22/2019,78.309998,78.419998,77.510002,77.790001,77.790001,2010900
8/23/2019,77.639999,78.25,76.120003,76.480003,76.480003,2883800
8/26/2019,77,78.07,76.68,78.059998,78.059998,1735900
8/27/2019,77.699997,78.099998,77.019997,77.120003,77.120003,1871900
8/28/2019,76.93,77.370003,76.279999,77.059998,77.059998,2035600
8/29/2019,77.870003,78.410004,77.400002,78.010002,78.010002,1389900
8/30/2019,78.379997,78.379997,77.790001,78.050003,78.050003,1701100
9/3/2019,77.900002,77.940002,77,77.129997,77.129997,1752700
9/4/2019,77.510002,77.839996,77.019997,77.610001,77.610001,1876500
9/5/2019,78.220001,78.57,77.559998,77.830002,77.830002,1963000
9/6/2019,77.959999,79.169998,77.849998,79.150002,79.150002,2930500
9/9/2019,79.330002,79.470001,78.589996,79.129997,79.129997,2514400
9/10/2019,78.779999,78.779999,77.940002,78.379997,78.379997,2254200
9/11/2019,78.389999,79.769997,78.209999,79.739998,79.739998,2412200
9/12/2019,79.879997,80.599998,79.389999,79.690002,79.690002,2005900
9/13/2019,80.089996,80.089996,79.029999,79.400002,79.400002,1737700
9/16/2019,78.959999,79.639999,78.739998,79.559998,79.559998,2178800
9/17/2019,79.730003,80.550003,79.059998,80.209999,80.209999,2851800
9/18/2019,80.209999,80.550003,79.580002,80.120003,80.120003,2200400
9/19/2019,80.720001,81.150002,80.540001,81,81,2257200
9/20/2019,80.559998,80.849998,79.080002,80.589996,80.589996,7141600
9/23/2019,80.019997,80.779999,79.809998,79.959999,79.959999,2361200
9/24/2019,80.489998,80.489998,79.029999,79.360001,79.360001,3631000
9/25/2019,79.529999,80.029999,78.860001,79.809998,79.809998,1957600
9/26/2019,79.970001,80.010002,78.959999,79,79,1902600
9/27/2019,79.059998,79.150002,76.769997,77.559998,77.559998,3373400
9/30/2019,77.870003,79.089996,77.620003,78.769997,78.769997,2191100
10/1/2019,78.879997,79.370003,78,78.199997,78.199997,2803500
10/2/2019,77.599998,77.970001,75.82,76.410004,76.410004,3282000
10/3/2019,76.599998,77.410004,76.019997,77.029999,77.029999,2321600
10/4/2019,76.959999,78.07,76.959999,77.989998,77.989998,1838400
10/7/2019,77.629997,78.68,77.629997,78.480003,78.480003,1908200
10/8/2019,77.779999,78.139999,77.360001,77.610001,77.610001,2308700
10/9/2019,78.110001,78.279999,77.309998,77.790001,77.790001,1967200
10/10/2019,77.720001,78.489998,77.029999,78.300003,78.300003,2393300
10/11/2019,78.660004,80.029999,78.550003,79.529999,79.529999,2070000
10/14/2019,79.529999,79.529999,78.57,78.629997,78.629997,1982300
10/15/2019,78.949997,79.940002,78.800003,79.739998,79.739998,1805000
10/16/2019,79.739998,80.18,79.599998,80.010002,80.010002,2261500
10/17/2019,80.449997,81.18,79.169998,81.050003,81.050003,3903800
10/18/2019,81.139999,82.330002,80.779999,81.599998,81.599998,3197200
10/21/2019,81.769997,82.529999,81.709999,82.089996,82.089996,2899400
10/22/2019,82.529999,82.57,81.650002,81.669998,81.669998,2141800
10/23/2019,81.440002,81.75,81.07,81.360001,81.360001,1256200
10/24/2019,81.25,81.629997,81.019997,81.480003,81.480003,1884900
10/25/2019,81.68,82.18,81.510002,81.620003,81.620003,2006100
10/28/2019,82.010002,83.120003,81.760002,82.389999,82.389999,3054300
10/29/2019,81.239998,82.370003,79.720001,81.769997,81.769997,4154800
10/30/2019,81.57,83.849998,81.540001,83.269997,83.269997,4150000
10/31/2019,83.349998,83.5,81.779999,82.660004,82.660004,2548900
11/1/2019,83.089996,83.190002,82,82.470001,82.470001,2585800
11/4/2019,82.699997,82.809998,80.449997,80.919998,80.919998,3055800
11/5/2019,81.059998,81.849998,80.849998,81.470001,81.470001,1622800
11/6/2019,81.599998,81.949997,81.290001,81.860001,81.860001,2705600
11/7/2019,82.400002,83.029999,81.57,81.860001,81.860001,2674200
11/8/2019,81.800003,81.839996,80.830002,80.940002,80.940002,1614800
11/11/2019,80.589996,81.139999,77.550003,79.620003,79.620003,6388500
11/12/2019,79.620003,79.650002,77.199997,77.43,77.43,4346000
11/13/2019,77.629997,78.07,76.800003,77.970001,77.970001,2715800
11/14/2019,77.379997,77.82,76.489998,76.839996,76.839996,2881500
11/15/2019,77.559998,79.5,77.330002,78.07,78.07,3941400
11/18/2019,76.870003,78.449997,76.330002,78.190002,78.190002,4235800
11/19/2019,78.199997,78.300003,76.919998,77.160004,77.160004,2332900
11/20/2019,76.849998,77.68,76.720001,77.639999,77.639999,2779400
11/21/2019,77.839996,77.940002,77.360001,77.699997,77.699997,1694800
11/22/2019,77.949997,78.779999,77.790001,78.589996,78.589996,2896100
11/25/2019,78.739998,78.870003,77.589996,78,78,2978200
11/26/2019,77.910004,78.690002,77.589996,78.449997,78.449997,2832200
11/27/2019,78.470001,79.300003,78.470001,78.980003,78.980003,2081500
11/29/2019,78.879997,79.279999,78.5,78.550003,78.550003,872900
12/2/2019,78.580002,78.839996,76.860001,77.639999,77.639999,2881400
12/3/2019,77.449997,78.059998,76.809998,78.010002,78.010002,1956600
12/4/2019,78.050003,78.529999,77.440002,78.339996,78.339996,1905500
12/5/2019,78.07,78.199997,76.900002,76.940002,76.940002,2820400
12/6/2019,77.540001,78,76.629997,77.739998,77.739998,2900300
12/9/2019,77.699997,77.900002,75.300003,75.870003,75.870003,4364300
12/10/2019,75.790001,75.910004,74.93,75.019997,75.019997,3080600
12/11/2019,75.080002,75.410004,74.309998,74.620003,74.620003,3374000
12/12/2019,75.230003,75.25,74.459999,74.889999,74.889999,2845600
12/13/2019,74.970001,75.540001,74.650002,75.470001,75.470001,2725400
12/16/2019,75.529999,75.849998,75.230003,75.470001,75.470001,3487900
12/17/2019,75.449997,75.699997,75.019997,75.489998,75.489998,3603800
12/18/2019,75.620003,76.419998,75.459999,76.309998,76.309998,4106300
12/19/2019,76.040001,77.550003,76,77.220001,77.220001,2991900
12/20/2019,77.93,77.93,77.019997,77.400002,77.400002,5944300
12/23/2019,77.470001,77.559998,76.919998,76.959999,76.959999,1709400
12/24/2019,77.050003,77.410004,76.919998,77.32,77.32,470100
12/26/2019,77.459999,77.540001,77.309998,77.400002,77.400002,1240900
12/27/2019,77.32,77.5,77.010002,77.239998,77.239998,1310000
12/30/2019,77.470001,78.099998,77.18,78.080002,78.080002,2342000
12/31/2019,77.940002,78.440002,77.779999,78.419998,78.419998,1714900
1/2/2020,78.879997,78.889999,77.93,78.589996,78.589996,3392700
1/3/2020,78.059998,78.43,77.470001,78.169998,78.169998,1831900
1/6/2020,78.129997,78.849998,77.970001,78.620003,78.620003,2675300
1/7/2020,78.57,79.510002,78.150002,78.919998,78.919998,3262400
1/8/2020,79.220001,79.790001,78.080002,79.419998,79.419998,3037400
1/9/2020,79.769997,80.330002,79.400002,79.809998,79.809998,2981900
1/10/2020,80.209999,80.209999,78.849998,79,79,2224800
1/13/2020,79.169998,79.559998,78.889999,79.400002,79.400002,2283400
1/14/2020,79.169998,79.949997,78.860001,79.800003,79.800003,2050100
1/15/2020,79.860001,80.480003,79.620003,80.269997,80.269997,1612300
1/16/2020,80.269997,81.519997,80.269997,81.440002,81.440002,3109300
1/17/2020,81.949997,82.239998,81.57,82.150002,82.150002,3559600
1/21/2020,81.989998,82.949997,81.800003,82.029999,82.029999,3612000
1/22/2020,82.139999,83.029999,82.07,82.489998,82.489998,1672500
1/23/2020,82.300003,82.370003,81.949997,82.18,82.18,1754900
1/24/2020,82.290001,82.589996,81.330002,81.580002,81.580002,1596500
1/27/2020,80.889999,81.550003,80.379997,80.720001,80.720001,1934600
1/28/2020,81.080002,82.300003,80.93,81.660004,81.660004,2395000
1/29/2020,81.870003,81.889999,80.089996,80.260002,80.260002,2602400
1/30/2020,79.589996,81.050003,79.580002,80.940002,80.940002,2352700
1/31/2020,80.589996,80.790001,79.160004,79.190002,79.190002,2863600
2/3/2020,80.360001,80.760002,79.330002,79.459999,79.459999,2879800
2/4/2020,80.150002,81.889999,79.230003,81.510002,81.510002,4597800
2/5/2020,81.959999,82.709999,81.75,81.790001,81.790001,2758800
2/6/2020,82.129997,83.080002,82,82.769997,82.769997,2976200
2/7/2020,83.370003,85.790001,82.260002,85.440002,85.440002,6740600
2/10/2020,85.410004,85.650002,84.379997,84.529999,84.529999,3423100
2/11/2020,93.699997,95.230003,92.660004,94.489998,94.489998,25874400
2/12/2020,94,96.269997,93.919998,95.669998,95.669998,8915500
2/13/2020,95.120003,96.150002,94.800003,95.139999,95.139999,5490500
2/14/2020,95.260002,96.620003,95.019997,96.480003,96.480003,3045900
2/18/2020,96.849998,100.019997,96.279999,99.879997,99.879997,7460100
2/19/2020,101.160004,101.349998,99.639999,100.489998,100.489998,6091300
2/20/2020,100.099998,100.419998,98.230003,99.5,99.5,6350400
2/21/2020,98.970001,99.489998,96.620003,98.57,98.57,12101000
2/24/2020,96.129997,97.309998,95.879997,96.370003,96.370003,4700900
2/25/2020,96.559998,97,94.449997,94.580002,94.580002,5117500
2/26/2020,94.68,95.660004,93.440002,93.650002,93.650002,4371300
2/27/2020,92.830002,93.32,91.160004,91.239998,91.239998,5855500
2/28/2020,89.440002,90.5,87.480003,90.160004,90.160004,6958100
3/2/2020,90.279999,93.360001,88.980003,93.290001,93.290001,5160600
3/3/2020,92.629997,93.919998,88.769997,89.370003,89.370003,5702000
3/4/2020,90.43,93.959999,90.25,93.809998,93.809998,5222200
3/5/2020,91.610001,93.160004,89.190002,89.860001,89.860001,4941300
3/6/2020,86.099998,88.279999,85.419998,87.860001,87.860001,5978500
3/9/2020,83.269997,84.889999,79.580002,79.75,79.75,7946600
3/10/2020,81.980003,85.010002,80.209999,84.980003,84.980003,6713600
3/11/2020,82.860001,87.830002,82.849998,86.449997,86.449997,8840300
3/12/2020,82.019997,85,76.410004,76.760002,76.760002,9075300
3/13/2020,80.150002,85.519997,76.610001,85.389999,85.389999,7401700
3/16/2020,78.339996,80.550003,74.839996,76.529999,76.529999,6787700
3/17/2020,77.599998,80.400002,75.449997,78.349998,78.349998,7609100
3/18/2020,74.599998,76.099998,63.5,74.32,74.32,11114200
3/19/2020,74.769997,81.989998,73.610001,79.449997,79.449997,8906200
3/20/2020,80,82,73.160004,74.550003,74.550003,6836600
3/23/2020,74.980003,76.660004,70.830002,75.699997,75.699997,8328800
3/24/2020,78.5,79.709999,75.830002,78.650002,78.650002,5929100
3/25/2020,77.769997,85.470001,77.75,79.169998,79.169998,6252700
3/26/2020,80,84.989998,79.730003,84.629997,84.629997,4821300
3/27/2020,82.540001,83.900002,81.019997,81.720001,81.720001,4309600
3/30/2020,82.290001,83.860001,81.239998,83.120003,83.120003,5625200
3/31/2020,83.040001,84.75,81.980003,83.900002,83.900002,6920600
4/1/2020,82.989998,86.709999,82.699997,85.129997,85.129997,11018800
4/2/2020,85.050003,88.519997,84.019997,84.410004,84.410004,22956100
4/3/2020,84.559998,84.989998,81.040001,81.980003,81.980003,8378500
4/6/2020,84.489998,86.489998,82.989998,86.089996,86.089996,5256300
4/7/2020,87.660004,87.910004,85.169998,86.510002,86.510002,4410100
4/8/2020,86.599998,87.639999,86,86.849998,86.849998,3831600
4/9/2020,86.879997,87.75,84.93,85.900002,85.900002,5770900
4/13/2020,84.589996,87.279999,84.470001,86.169998,86.169998,3955700
4/14/2020,87.190002,89.940002,86.400002,89.620003,89.620003,4787100
4/15/2020,87.919998,89.389999,87.099998,88.540001,88.540001,5804000
4/16/2020,89.110001,90.580002,88.07,90.269997,90.269997,4796400
4/17/2020,92.75,93.300003,89.860001,90.989998,90.989998,3847500
4/20/2020,89.580002,91.730003,89.050003,89.940002,89.940002,3508700
4/21/2020,89.25,89.889999,86.099998,87.220001,87.220001,3946400
4/22/2020,89.879997,90.650002,88.279999,90.160004,90.160004,4261900
4/23/2020,90.68,91.879997,89.290001,90.339996,90.339996,4537100
4/24/2020,90.389999,91,89.010002,90.800003,90.800003,3564100
4/27/2020,91.32,91.379997,89.019997,90.910004,90.910004,3726300
4/28/2020,91.239998,91.410004,87.889999,87.940002,87.940002,3356500
4/29/2020,89.040001,90.029999,87.970001,89.309998,89.309998,3110700
4/30/2020,88.900002,89.019997,87.300003,87.800003,87.800003,3935600
5/1/2020,87.739998,88.110001,85.809998,86.199997,86.199997,3162000
5/4/2020,86.769997,88.970001,86.059998,88.959999,88.959999,4212200
5/5/2020,88.779999,89.769997,88.440002,88.970001,88.970001,3020100
5/6/2020,89.220001,89.730003,86.410004,86.589996,86.589996,3840900
5/7/2020,90.349998,95.400002,90.230003,95.290001,95.290001,10442000
5/8/2020,96.639999,98.769997,95.029999,98.519997,98.519997,4851100
5/11/2020,96.480003,97.459999,95.980003,96.720001,96.720001,3732800
5/12/2020,96.18,96.669998,94.550003,94.610001,94.610001,3773600
5/13/2020,94.389999,94.529999,91.5,92.779999,92.779999,3256900
5/14/2020,92.540001,95.07,92.160004,94.910004,94.910004,3990100
5/15/2020,95.019997,97.669998,93.730003,97.32,97.32,6715500
5/18/2020,98.160004,102.730003,98.07,101.900002,101.900002,6392800
5/19/2020,98.410004,99.760002,96.150002,98.599998,98.599998,21394500
5/20/2020,99.139999,99.800003,97.800003,98.139999,98.139999,5978700
5/21/2020,98.75,98.75,93,94.389999,94.389999,5586900
5/22/2020,94.540001,96.720001,94.349998,95.800003,95.800003,4849300
5/26/2020,96.919998,97.239998,94.459999,95.57,95.57,5007200
5/27/2020,95.660004,98.169998,95.059998,97.199997,97.199997,4540400
5/28/2020,97.519997,99.830002,97.150002,99.220001,99.220001,5457700
5/29/2020,99.269997,100.400002,97.32,100.040001,100.040001,9792500
6/1/2020,99.959999,101,99.32,99.699997,99.699997,2903300
6/2/2020,98.660004,100.5,98.510002,100.410004,100.410004,4720200
6/3/2020,100.910004,102.349998,100.440002,101.209999,101.209999,3756300
6/4/2020,101.540001,101.690002,99.790001,100.169998,100.169998,2534100
6/5/2020,101.300003,102.970001,100.5,101.129997,101.129997,3957900
6/8/2020,100.739998,105.110001,100.440002,104.459999,104.459999,5043500
6/9/2020,102.18,103.540001,101.769997,103.190002,103.190002,5037000
6/10/2020,102.809998,106.720001,102.809998,105.790001,105.790001,6273500
6/11/2020,104.510002,105.309998,100.739998,100.889999,100.889999,7689300
6/12/2020,104.25,105.050003,100.260002,102.309998,102.309998,5288500
6/15/2020,101.32,105.190002,100.730003,104.68,104.68,3842000
6/16/2020,104,104,100.110001,102.889999,102.889999,5766100
6/17/2020,103,104.800003,102.339996,102.629997,102.629997,3753200
6/18/2020,103.82,106.839996,103.25,106.389999,106.389999,4698900
6/19/2020,107.339996,109,106.389999,106.900002,106.900002,9268300
6/22/2020,106.860001,108.699997,106.029999,106.599998,106.599998,5090500
6/23/2020,103.699997,110.459999,103.5,107.160004,107.160004,22929100
6/24/2020,105.459999,109.139999,104.57,108.43,108.43,66903100
6/25/2020,109.779999,111.580002,108.510002,110.190002,110.190002,55407300
6/26/2020,109.150002,109.849998,104.730003,105.199997,105.199997,25367800
6/29/2020,105.790001,106.260002,103.949997,105.959999,105.959999,9096800
6/30/2020,105.900002,106.199997,104,104.150002,104.150002,10833800
7/1/2020,105.68,106.25,103.849998,106.129997,106.129997,9599900
7/2/2020,106.949997,107.339996,105.349998,106.010002,106.010002,6411900
7/6/2020,106.599998,107.68,106.199997,106.779999,106.779999,5256500
7/7/2020,106.440002,107.589996,105.550003,105.800003,105.800003,5572500
7/8/2020,106.25,106.629997,105.370003,106.610001,106.610001,4300400
7/9/2020,106.660004,106.720001,105.050003,106.169998,106.169998,3956600
7/10/2020,105.82,107.190002,105.290001,107.050003,107.050003,4557900
7/13/2020,106.889999,107.550003,104.230003,104.519997,104.519997,5752500
7/14/2020,103.57,106.540001,103.57,105.389999,105.389999,7881900
7/15/2020,105.510002,106.080002,104.529999,104.919998,104.919998,4476300
7/16/2020,104.5,104.860001,103.43,104.489998,104.489998,5751200
7/17/2020,104.870003,105.730003,104.089996,105.349998,105.349998,4009300
7/20/2020,105.400002,106.279999,105.029999,106.139999,106.139999,3632400
7/21/2020,106.349998,106.480003,105.25,105.580002,105.580002,3602400
7/22/2020,105.660004,106.339996,104.739998,104.93,104.93,4655300
7/23/2020,105.209999,105.279999,104.360001,104.510002,104.510002,6640800
7/24/2020,104.519997,105.230003,104.230003,104.93,104.93,4990000
7/27/2020,104.529999,106.269997,104.349998,105.620003,105.620003,7958900
7/28/2020,105,105.5,104,104.519997,104.519997,3670000
7/29/2020,105.220001,106.370003,104.540001,105.779999,105.779999,3606200
7/30/2020,104.720001,105.949997,104.589996,105.480003,105.480003,2689400
7/31/2020,105.629997,107.419998,105.050003,107.379997,107.379997,4119200
8/3/2020,107.980003,108.739998,106.82,106.879997,106.879997,4548000
8/4/2020,106.629997,108.419998,106.379997,108.389999,108.389999,2991200
8/5/2020,108.739998,109.160004,107.260002,107.900002,107.900002,3114600
8/6/2020,107.32,108.300003,107.18,108.099998,108.099998,4016600
8/7/2020,113.239998,118,113.089996,115.089996,115.089996,13770400
8/10/2020,115.059998,116.650002,113.599998,116.07,116.07,4812500
8/11/2020,116.080002,116.199997,113.279999,113.589996,113.589996,4763100
8/12/2020,114.269997,116.239998,114.07,115.25,115.25,3512800
8/13/2020,115.150002,117.150002,114.889999,115.370003,115.370003,3030500
8/14/2020,115.699997,116.089996,114.330002,115.489998,115.489998,2027600
8/17/2020,115.980003,117.32,115.82,116.870003,116.870003,3308700
8/18/2020,117.68,117.730003,115.860001,116.019997,116.019997,2350100
